% time spent exploring,episodes,mean 100 episode reward,steps
47,6115,68.0,238088,,,,
99,5,225.0,184
99,10,155.6,429
99,15,164.3,674
99,20,652.6,916
99,25,550.0,1161
99,30,479.3,1406
99,35,417.6,1651
99,40,392.3,1896
99,45,361.4,2141
99,50,342.9,2386
99,55,327.8,2631
99,60,303.4,2876
99,65,289.1,3121
99,70,276.8,3366
99,75,260.8,3611
99,80,262.0,3856
99,85,258.3,4101
99,90,251.7,4346
98,95,247.9,4591
98,100,241.4,4836
98,105,236.0,5081
98,110,233.0,5326
98,115,231.0,5571
98,120,144.0,5816
98,125,140.0,6061
98,130,246.0,6305
98,135,261.0,6544
98,140,263.0,6789
98,145,363.0,7015
98,150,359.0,7260
98,155,351.0,7505
98,160,357.0,7750
98,165,360.0,7995
98,170,366.0,8240
98,175,372.0,8485
98,180,368.0,8730
98,185,365.0,8975
97,190,373.0,9220
97,195,369.0,9465
97,200,367.0,9710
97,205,365.0,9955
97,210,371.0,10200
97,215,376.0,10445
97,220,372.0,10690
97,225,370.0,10935
97,230,267.0,11180
97,235,264.0,11425
97,240,256.0,11670
97,245,157.0,11915
97,250,161.0,12160
97,255,163.0,12405
97,260,157.0,12650
97,265,158.0,12895
97,270,154.0,13140
97,275,152.0,13385
97,280,157.0,13630
96,285,154.0,13875
96,290,143.0,14120
96,295,250.0,14365
96,300,251.0,14610
96,305,253.0,14855
96,310,256.0,15098
96,315,249.0,15343
96,320,252.0,15588
96,325,257.0,15833
96,330,255.0,16078
96,335,250.0,16323
96,340,250.0,16568
96,345,250.0,16813
96,350,259.0,17057
96,355,261.0,17302
96,360,264.0,17547
96,365,264.0,17792
96,370,263.0,18037
95,375,264.0,18282
95,380,256.0,18527
95,385,271.0,18766
95,390,275.0,19011
95,395,173.0,19256
95,400,171.0,19501
95,405,169.0,19746
95,410,264.0,19965
95,415,269.0,20210
95,420,258.0,20455
95,425,263.0,20682
95,430,266.0,20927
95,435,271.0,21172
95,440,273.0,21417
95,445,274.0,21662
95,450,270.0,21907
95,455,373.0,22142
95,460,376.0,22387
95,465,369.0,22632
94,470,364.0,22877
94,475,358.0,23122
94,480,357.0,23367
94,485,338.0,23612
94,490,436.0,23842
94,495,436.0,24087
94,500,438.0,24332
94,505,443.0,24577
94,510,341.0,24822
94,515,334.0,25067
94,520,335.0,25312
94,525,327.0,25557
94,530,417.0,25779
94,535,409.0,26024
94,540,407.0,26269
94,545,406.0,26514
94,550,495.0,26745
94,555,491.0,26976
94,560,585.0,27215
93,565,584.0,27460
93,570,590.0,27705
93,575,593.0,27950
93,580,595.0,28195
93,585,603.0,28440
93,590,507.0,28685
93,595,503.0,28930
93,600,503.0,29175
93,605,500.0,29420
93,610,498.0,29665
93,615,505.0,29910
93,620,519.0,30149
93,625,523.0,30394
93,630,525.0,30628
93,635,536.0,30868
93,640,545.0,31113
93,645,544.0,31358
93,650,452.0,31603
92,655,349.0,31848
92,660,254.0,32093
92,665,254.0,32338
92,670,248.0,32583
92,675,247.0,32828
92,680,243.0,33073
92,685,241.0,33318
92,690,336.0,33562
92,695,330.0,33807
92,700,329.0,34052
92,705,424.0,34278
92,710,525.0,34496
92,715,517.0,34741
92,720,514.0,34981
92,725,610.0,35215
92,730,509.0,35460
92,735,600.0,35703
92,740,596.0,35948
92,745,697.0,36190
91,750,688.0,36435
91,755,689.0,36680
91,760,692.0,36925
91,765,695.0,37170
91,770,895.0,37377
91,775,894.0,37622
91,780,990.0,37867
91,785,988.0,38112
91,790,888.0,38357
91,795,892.0,38602
91,800,891.0,38847
91,805,793.0,39092
91,810,693.0,39337
91,815,793.0,39576
91,820,880.0,39814
91,825,776.0,40059
91,830,779.0,40304
91,835,678.0,40549
91,840,672.0,40794
90,845,569.0,41039
90,850,570.0,41284
90,855,569.0,41529
90,860,563.0,41774
90,865,660.0,42015
90,870,463.0,42260
90,875,461.0,42505
90,880,463.0,42745
90,885,560.0,42988
90,890,562.0,43223
90,895,566.0,43468
90,900,667.0,43699
90,905,767.0,43926
90,910,770.0,44171
90,915,673.0,44416
90,920,574.0,44661
90,925,676.0,44900
90,930,672.0,45145
90,935,670.0,45390
89,940,668.0,45635
89,945,668.0,45880
89,950,669.0,46125
89,955,676.0,46370
89,960,673.0,46615
89,965,573.0,46860
89,970,570.0,47105
89,975,670.0,47324
89,980,670.0,47550
89,985,571.0,47795
89,990,569.0,48040
89,995,568.0,48285
89,1000,569.0,48530
89,1005,668.0,48756
89,1010,663.0,49001
89,1015,662.0,49246
89,1020,665.0,49491
89,1025,665.0,49728
89,1030,665.0,49973
88,1035,663.0,50218
88,1040,661.0,50463
88,1045,657.0,50708
88,1050,657.0,50953
88,1055,756.0,51194
88,1060,755.0,51439
88,1065,759.0,51684
88,1070,762.0,51929
88,1075,665.0,52174
88,1080,568.0,52419
88,1085,572.0,52664
88,1090,573.0,52909
88,1095,568.0,53154
88,1100,569.0,53383
88,1105,468.0,53604
88,1110,469.0,53849
88,1115,566.0,54074
88,1120,564.0,54319
87,1125,464.0,54564
87,1130,465.0,54809
87,1135,462.0,55054
87,1140,464.0,55299
87,1145,465.0,55544
87,1150,467.0,55789
87,1155,362.0,56034
87,1160,465.0,56279
87,1165,464.0,56524
87,1170,461.0,56769
87,1175,461.0,57014
87,1180,460.0,57259
87,1185,458.0,57504
87,1190,456.0,57749
87,1195,463.0,57994
87,1200,464.0,58225
87,1205,365.0,58470
87,1210,369.0,58715
87,1215,273.0,58960
86,1220,280.0,59205
86,1225,290.0,59450
86,1230,292.0,59695
86,1235,298.0,59940
86,1240,301.0,60185
86,1245,306.0,60430
86,1250,306.0,60675
86,1255,311.0,60920
86,1260,217.0,61165
86,1265,215.0,61410
86,1270,224.0,61655
86,1275,228.0,61900
86,1280,236.0,62145
86,1285,238.0,62390
86,1290,247.0,62635
86,1295,243.0,62880
86,1300,146.0,63125
86,1305,147.0,63370
86,1310,148.0,63615
85,1315,146.0,63860
85,1320,143.0,64105
85,1325,137.0,64350
85,1330,140.0,64595
85,1335,140.0,64840
85,1340,137.0,65085
85,1345,137.0,65330
85,1350,137.0,65575
85,1355,137.0,65820
85,1360,136.0,66065
85,1365,137.0,66310
85,1370,135.0,66555
85,1375,135.0,66800
85,1380,130.0,67045
85,1385,134.0,67290
85,1390,124.0,67535
85,1395,130.0,67780
85,1400,132.0,68025
84,1405,141.0,68268
84,1410,141.0,68513
84,1415,142.0,68758
84,1420,141.0,69003
84,1425,138.0,69248
84,1430,139.0,69493
84,1435,142.0,69738
84,1440,152.0,69983
84,1445,150.0,70228
84,1450,154.0,70473
84,1455,155.0,70718
84,1460,155.0,70963
84,1465,153.0,71208
84,1470,149.0,71453
84,1475,152.0,71698
84,1480,152.0,71943
84,1485,144.0,72188
84,1490,153.0,72433
84,1495,145.0,72678
83,1500,143.0,72923
83,1505,139.0,73168
83,1510,142.0,73413
83,1515,145.0,73658
83,1520,140.0,73903
83,1525,141.0,74148
83,1530,138.0,74393
83,1535,129.0,74638
83,1540,125.0,74883
83,1545,126.0,75128
83,1550,119.0,75373
83,1555,115.0,75618
83,1560,110.0,75863
83,1565,114.0,76108
83,1570,113.0,76353
83,1575,110.0,76598
83,1580,105.0,76843
83,1585,104.0,77088
82,1590,96.0,77333
82,1595,96.0,77578
82,1600,94.0,77823
82,1605,86.0,78068
82,1610,80.0,78313
82,1615,75.0,78558
82,1620,85.0,78803
82,1625,88.0,79048
82,1630,88.0,79293
82,1635,89.0,79538
82,1640,93.0,79783
82,1645,89.0,80028
82,1650,191.0,80267
82,1655,290.0,80505
82,1660,298.0,80750
82,1665,300.0,80971
82,1670,305.0,81216
82,1675,312.0,81461
82,1680,325.0,81706
81,1685,329.0,81951
81,1690,333.0,82196
81,1695,333.0,82441
81,1700,341.0,82686
81,1705,348.0,82931
81,1710,350.0,83176
81,1715,450.0,83417
81,1720,449.0,83662
81,1725,451.0,83907
81,1730,551.0,84123
81,1735,556.0,84368
81,1740,555.0,84613
81,1745,564.0,84858
81,1750,465.0,85103
81,1755,465.0,85343
81,1760,563.0,85585
81,1765,561.0,85830
81,1770,565.0,86075
81,1775,655.0,86313
80,1780,747.0,86558
80,1785,844.0,86799
80,1790,938.0,87041
80,1795,935.0,87286
80,1800,921.0,87531
80,1805,1114.0,87759
80,1810,1211.0,88004
80,1815,1215.0,88245
80,1820,1313.0,88486
80,1825,1407.0,88726
80,1830,1302.0,88971
80,1835,1395.0,89197
80,1840,1584.0,89415
80,1845,1574.0,89660
80,1850,1672.0,89883
80,1855,1769.0,90097
80,1860,1860.0,90298
80,1865,2154.0,90509
80,1870,2243.0,90752
79,1875,2344.0,90966
79,1880,2437.0,91196
79,1885,2640.0,91383
79,1890,2643.0,91615
79,1895,2643.0,91860
79,1900,2842.0,92081
79,1905,2643.0,92326
79,1910,2840.0,92556
79,1915,2838.0,92799
79,1920,2831.0,93044
79,1925,2729.0,93289
79,1930,2736.0,93534
79,1935,2741.0,93773
79,1940,2647.0,93993
79,1945,2847.0,94225
79,1950,2949.0,94439
79,1955,2849.0,94670
79,1960,2851.0,94893
79,1965,2651.0,95133
79,1970,2649.0,95373
78,1975,2744.0,95570
78,1980,2644.0,95813
78,1985,2442.0,96057
78,1990,2339.0,96302
78,1995,2450.0,96523
78,2000,2649.0,96718
78,2005,2749.0,96953
78,2010,2549.0,97186
78,2015,2645.0,97411
78,2020,2746.0,97617
78,2025,2846.0,97853
78,2030,2840.0,98098
78,2035,2836.0,98343
78,2040,2831.0,98566
78,2045,2931.0,98764
78,2050,3025.0,98965
78,2055,3225.0,99173
78,2060,3328.0,99376
78,2065,3429.0,99592
78,2070,3433.0,99817
77,2075,3334.0,100054
77,2080,3634.0,100240
77,2085,3731.0,100461
77,2090,3929.0,100680
77,2095,4219.0,100898
77,2100,4019.0,101122
77,2105,4021.0,101345
77,2110,4022.0,101580
77,2115,3922.0,101805
77,2120,4021.0,102022
77,2125,4020.0,102263
77,2130,4121.0,102483
77,2135,4221.0,102707
77,2140,4322.0,102932
77,2145,4023.0,103177
77,2150,3725.0,103422
77,2155,3525.0,103655
77,2160,3320.0,103886
77,2165,3219.0,104116
77,2170,3215.0,104351
76,2175,3014.0,104596
76,2180,2614.0,104841
76,2185,2414.0,105086
76,2190,2314.0,105329
76,2195,1915.0,105574
76,2200,1816.0,105811
76,2205,1722.0,106056
76,2210,1724.0,106293
76,2215,1624.0,106538
76,2220,1323.0,106783
76,2225,1225.0,107028
76,2230,1123.0,107273
76,2235,922.0,107518
76,2240,722.0,107763
76,2245,721.0,108008
76,2250,819.0,108248
76,2255,819.0,108491
76,2260,719.0,108736
76,2265,620.0,108981
75,2270,522.0,109226
75,2275,623.0,109465
75,2280,627.0,109710
75,2285,627.0,109955
75,2290,529.0,110200
75,2295,727.0,110417
75,2300,627.0,110662
75,2305,621.0,110907
75,2310,620.0,111138
75,2315,623.0,111383
75,2320,728.0,111610
75,2325,726.0,111855
75,2330,728.0,112100
75,2335,835.0,112327
75,2340,838.0,112572
75,2345,839.0,112817
75,2350,940.0,113036
75,2355,1043.0,113257
75,2360,1243.0,113486
74,2365,1445.0,113725
74,2370,1551.0,113950
74,2375,1752.0,114159
74,2380,1848.0,114402
74,2385,1951.0,114634
74,2390,2154.0,114841
74,2395,2159.0,115055
74,2400,2361.0,115272
74,2405,2461.0,115500
74,2410,2559.0,115727
74,2415,2756.0,115939
74,2420,3051.0,116130
74,2425,3354.0,116342
74,2430,3556.0,116564
74,2435,3651.0,116779
74,2440,3950.0,116987
74,2445,4249.0,117195
74,2450,4349.0,117413
74,2455,4346.0,117640
74,2460,4446.0,117835
74,2465,4543.0,118044
73,2470,4735.0,118251
73,2475,4635.0,118475
73,2480,5035.0,118647
73,2485,5432.0,118851
73,2490,5527.0,119057
73,2495,5422.0,119290
73,2500,5619.0,119472
73,2505,5816.0,119681
73,2510,6017.0,119885
73,2515,6118.0,120094
73,2520,5819.0,120326
73,2525,5916.0,120509
73,2530,6012.0,120733
73,2535,5910.0,120960
73,2540,5808.0,121159
73,2545,5808.0,121371
73,2550,5709.0,121611
73,2555,5712.0,121833
73,2560,5712.0,122032
73,2565,5813.0,122206
73,2570,5814.0,122433
73,2575,5715.0,122676
72,2580,5517.0,122897
72,2585,5418.0,123115
72,2590,5418.0,123312
72,2595,5818.0,123468
72,2600,5818.0,123671
72,2605,5820.0,123871
72,2610,5519.0,124115
72,2615,5519.0,124336
72,2620,5719.0,124534
72,2625,5619.0,124739
72,2630,5719.0,124950
72,2635,5919.0,125171
72,2640,6117.0,125392
72,2645,6118.0,125623
72,2650,6219.0,125817
72,2655,6316.0,126025
72,2660,6416.0,126235
72,2665,6315.0,126429
72,2670,6414.0,126642
72,2675,6611.0,126853
72,2680,6709.0,127041
71,2685,6408.0,127280
71,2690,6409.0,127474
71,2695,6109.0,127685
71,2700,6009.0,127885
71,2705,6007.0,128111
71,2710,6307.0,128295
71,2715,6207.0,128517
71,2720,6206.0,128723
71,2725,6306.0,128886
71,2730,6106.0,129124
71,2735,6106.0,129333
71,2740,6106.0,129502
71,2745,6106.0,129715
71,2750,6203.0,129917
71,2755,6104.0,130131
71,2760,5906.0,130340
71,2765,5906.0,130527
71,2770,5806.0,130722
71,2775,5706.0,130953
71,2780,5607.0,131165
71,2785,5707.0,131388
71,2790,5606.0,131629
70,2795,5806.0,131845
70,2800,5706.0,132062
70,2805,5606.0,132287
70,2810,5407.0,132504
70,2815,5308.0,132749
70,2820,5408.0,132939
70,2825,5210.0,133147
70,2830,5510.0,133329
70,2835,5510.0,133533
70,2840,5210.0,133761
70,2845,5309.0,133961
70,2850,5210.0,134192
70,2855,5310.0,134391
70,2860,5408.0,134601
70,2865,5409.0,134823
70,2870,5409.0,135040
70,2875,5509.0,135238
70,2880,5508.0,135461
70,2885,5709.0,135639
70,2890,5709.0,135873
70,2895,5709.0,136053
70,2900,5809.0,136282
69,2905,6009.0,136461
69,2910,6109.0,136688
69,2915,6407.0,136876
69,2920,6507.0,137044
69,2925,6705.0,137229
69,2930,6506.0,137443
69,2935,6607.0,137621
69,2940,6709.0,137852
69,2945,6509.0,138071
69,2950,6509.0,138283
69,2955,6209.0,138528
69,2960,6109.0,138746
69,2965,6308.0,138948
69,2970,6408.0,139147
69,2975,6308.0,139363
69,2980,6409.0,139576
69,2985,6208.0,139788
69,2990,6309.0,139994
69,2995,6309.0,140186
69,3000,6309.0,140378
69,3005,6409.0,140563
69,3010,6509.0,140747
68,3015,6310.0,140951
68,3020,6210.0,141127
68,3025,6110.0,141342
68,3030,6109.0,141543
68,3035,6108.0,141763
68,3040,6306.0,141941
68,3045,6206.0,142182
68,3050,6405.0,142390
68,3055,6804.0,142584
68,3060,6904.0,142768
68,3065,6804.0,142967
68,3070,6904.0,143110
68,3075,7104.0,143309
68,3080,6905.0,143509
68,3085,7007.0,143713
68,3090,7206.0,143864
68,3095,7206.0,144036
68,3100,7108.0,144242
68,3105,7108.0,144454
68,3110,7107.0,144616
68,3115,7406.0,144786
68,3120,7306.0,145009
68,3125,7406.0,145200
68,3130,7606.0,145373
67,3135,7506.0,145567
67,3140,7508.0,145778
67,3145,7809.0,145983
67,3150,7709.0,146183
67,3155,7710.0,146361
67,3160,7810.0,146542
67,3165,7810.0,146732
67,3170,7710.0,146929
67,3175,7710.0,147121
67,3180,7808.0,147342
67,3185,7807.0,147532
67,3190,7708.0,147740
67,3195,7709.0,147937
67,3200,8007.0,148110
67,3205,7907.0,148318
67,3210,7907.0,148482
67,3215,7907.0,148675
67,3220,8007.0,148864
67,3225,8007.0,149066
67,3230,8007.0,149247
67,3235,8007.0,149443
67,3240,7805.0,149641
67,3245,7706.0,149859
66,3250,7706.0,150045
66,3255,7605.0,150225
66,3260,7605.0,150426
66,3265,7508.0,150619
66,3270,7608.0,150789
66,3275,7508.0,150971
66,3280,7609.0,151173
66,3285,7708.0,151365
66,3290,7707.0,151541
66,3295,7606.0,151741
66,3300,7506.0,151942
66,3305,7606.0,152132
66,3310,7606.0,152299
66,3315,7606.0,152450
66,3320,7507.0,152619
66,3325,7407.0,152827
66,3330,7407.0,153012
66,3335,7507.0,153219
66,3340,7807.0,153390
66,3345,7905.0,153576
66,3350,7905.0,153745
66,3355,7906.0,153982
66,3360,7808.0,154175
66,3365,8006.0,154345
65,3370,7906.0,154558
65,3375,8106.0,154729
65,3380,8105.0,154911
65,3385,8205.0,155083
65,3390,8205.0,155267
65,3395,8207.0,155460
65,3400,8108.0,155686
65,3405,7910.0,155884
65,3410,7910.0,156063
65,3415,7910.0,156199
65,3420,8109.0,156374
65,3425,8109.0,156560
65,3430,7911.0,156780
65,3435,7811.0,156988
65,3440,7811.0,157190
65,3445,7611.0,157406
65,3450,7711.0,157578
65,3455,7810.0,157770
65,3460,7908.0,157975
65,3465,7807.0,158156
65,3470,7807.0,158327
65,3475,7507.0,158529
65,3480,7607.0,158700
65,3485,7607.0,158874
65,3490,7607.0,159050
64,3495,7605.0,159257
64,3500,7804.0,159423
64,3505,7805.0,159624
64,3510,7705.0,159822
64,3515,7605.0,159980
64,3520,7505.0,160166
64,3525,7705.0,160319
64,3530,7503.0,160555
64,3535,7503.0,160734
64,3540,7304.0,160939
64,3545,7604.0,161102
64,3550,7504.0,161273
64,3555,7504.0,161496
64,3560,7504.0,161659
64,3565,7504.0,161852
64,3570,7504.0,162065
64,3575,7804.0,162231
64,3580,7804.0,162423
64,3585,7604.0,162616
64,3590,7604.0,162800
64,3595,7704.0,162998
64,3600,7604.0,163194
64,3605,7701.0,163340
64,3610,7701.0,163536
63,3615,7603.0,163728
63,3620,7603.0,163934
63,3625,7403.0,164142
63,3630,7704.0,164335
63,3635,7905.0,164523
63,3640,8104.0,164715
63,3645,8104.0,164880
63,3650,8104.0,165066
63,3655,8104.0,165231
63,3660,8104.0,165414
63,3665,8204.0,165549
63,3670,8105.0,165757
63,3675,8005.0,165953
63,3680,7705.0,166163
63,3685,7509.0,166403
63,3690,7510.0,166597
63,3695,7510.0,166766
63,3700,7610.0,166912
63,3705,7710.0,167057
63,3710,7910.0,167198
63,3715,8008.0,167350
63,3720,7809.0,167564
63,3725,7810.0,167774
63,3730,7809.0,167950
63,3735,7708.0,168139
62,3740,7510.0,168343
62,3745,7411.0,168527
62,3750,7511.0,168692
62,3755,7612.0,168843
62,3760,7612.0,169032
62,3765,7612.0,169209
62,3770,7711.0,169357
62,3775,7812.0,169537
62,3780,8012.0,169736
62,3785,8208.0,169940
62,3790,8108.0,170140
62,3795,8109.0,170311
62,3800,8009.0,170489
62,3805,8009.0,170636
62,3810,7909.0,170810
62,3815,7909.0,170998
62,3820,7908.0,171206
62,3825,7907.0,171395
62,3830,7808.0,171574
62,3835,7808.0,171769
62,3840,7906.0,171947
62,3845,8005.0,172123
62,3850,8005.0,172298
62,3855,8004.0,172431
62,3860,8004.0,172612
61,3865,7804.0,172786
61,3870,7804.0,173002
61,3875,7703.0,173168
61,3880,7803.0,173329
61,3885,8003.0,173490
61,3890,8102.0,173655
61,3895,8101.0,173820
61,3900,8201.0,173983
61,3905,8201.0,174145
61,3910,8301.0,174313
61,3915,8301.0,174461
61,3920,8401.0,174681
61,3925,8601.0,174816
61,3930,8800.0,174985
61,3935,8900.0,175139
61,3940,8800.0,175337
61,3945,8800.0,175489
61,3950,8600.0,175682
61,3955,8501.0,175875
61,3960,8501.0,176072
61,3965,8701.0,176217
61,3970,8801.0,176381
61,3975,8901.0,176531
61,3980,8801.0,176698
61,3985,8801.0,176880
61,3990,8901.0,177052
61,3995,9002.0,177244
60,4000,9002.0,177402
60,4005,9002.0,177578
60,4010,8902.0,177770
60,4015,8904.0,177917
60,4020,8904.0,178108
60,4025,8804.0,178290
60,4030,8804.0,178455
60,4035,8804.0,178605
60,4040,8905.0,178801
60,4045,8905.0,178970
60,4050,9105.0,179128
60,4055,9204.0,179237
60,4060,9304.0,179407
60,4065,9304.0,179590
60,4070,9204.0,179786
60,4075,9004.0,179991
60,4080,9104.0,180171
60,4085,9004.0,180364
60,4090,9004.0,180520
60,4095,8903.0,180693
60,4100,8903.0,180868
60,4105,8903.0,181045
60,4110,9003.0,181181
60,4115,8901.0,181378
60,4120,9002.0,181548
60,4125,9102.0,181680
59,4130,9102.0,181824
59,4135,9002.0,181990
59,4140,9101.0,182176
59,4145,9001.0,182361
59,4150,8802.0,182545
59,4155,8802.0,182731
59,4160,8603.0,182932
59,4165,8603.0,183085
59,4170,8703.0,183240
59,4175,8803.0,183440
59,4180,8803.0,183612
59,4185,8804.0,183788
59,4190,8804.0,183957
59,4195,8904.0,184162
59,4200,8904.0,184307
59,4205,8904.0,184463
59,4210,8705.0,184668
59,4215,8705.0,184847
59,4220,8804.0,184986
59,4225,8804.0,185130
59,4230,8804.0,185283
59,4235,8804.0,185447
59,4240,8804.0,185624
59,4245,8904.0,185798
59,4250,9103.0,185943
59,4255,9103.0,186146
59,4260,9302.0,186351
58,4265,9302.0,186500
58,4270,9302.0,186655
58,4275,9402.0,186814
58,4280,9402.0,186990
58,4285,9401.0,187184
58,4290,9201.0,187357
58,4295,9201.0,187514
58,4300,9101.0,187692
58,4305,9001.0,187831
58,4310,9200.0,187976
58,4315,9300.0,188141
58,4320,9200.0,188317
58,4325,9200.0,188493
58,4330,9200.0,188679
58,4335,9300.0,188829
58,4340,9200.0,189028
58,4345,9200.0,189195
58,4350,9200.0,189346
58,4355,9200.0,189504
58,4360,9000.0,189711
58,4365,8900.0,189897
58,4370,8900.0,190045
58,4375,8900.0,190210
58,4380,8900.0,190380
58,4385,8901.0,190574
58,4390,9101.0,190735
58,4395,9101.0,190866
57,4400,9101.0,191057
57,4405,9102.0,191229
57,4410,9002.0,191411
57,4415,9102.0,191577
57,4420,9202.0,191719
57,4425,9202.0,191863
57,4430,9202.0,192071
57,4435,9202.0,192208
57,4440,9302.0,192395
57,4445,9302.0,192567
57,4450,9202.0,192735
57,4455,9202.0,192895
57,4460,9402.0,193042
57,4465,9502.0,193159
57,4470,9402.0,193333
57,4475,9302.0,193510
57,4480,9302.0,193662
57,4485,9202.0,193845
57,4490,9202.0,193995
57,4495,9102.0,194157
57,4500,9202.0,194335
57,4505,9301.0,194461
57,4510,9401.0,194615
57,4515,9401.0,194737
57,4520,9402.0,194867
57,4525,9402.0,195005
57,4530,9402.0,195157
57,4535,9402.0,195293
57,4540,9302.0,195453
56,4545,9302.0,195612
56,4550,9402.0,195734
56,4555,9402.0,195880
56,4560,9402.0,196048
56,4565,9402.0,196181
56,4570,9502.0,196373
56,4575,9602.0,196510
56,4580,9502.0,196687
56,4585,9701.0,196862
56,4590,9701.0,197028
56,4595,9801.0,197194
56,4600,9801.0,197341
56,4605,9801.0,197492
56,4610,9801.0,197660
56,4615,9801.0,197795
56,4620,9800.0,197949
56,4625,9700.0,198117
56,4630,9700.0,198302
56,4635,9602.0,198481
56,4640,9703.0,198642
56,4645,9703.0,198821
56,4650,9703.0,198969
56,4655,9703.0,199108
56,4660,9703.0,199255
56,4665,9703.0,199413
56,4670,9703.0,199585
56,4675,9603.0,199730
56,4680,9604.0,199869
55,4685,9504.0,200049
55,4690,9504.0,200196
55,4695,9404.0,200381
55,4700,9304.0,200556
55,4705,9304.0,200713
55,4710,9304.0,200846
55,4715,9304.0,201017
55,4720,9304.0,201156
55,4725,9404.0,201308
55,4730,9405.0,201445
55,4735,9504.0,201594
55,4740,9503.0,201743
55,4745,9504.0,201926
55,4750,9404.0,202088
55,4755,9404.0,202226
55,4760,9404.0,202376
55,4765,9404.0,202541
55,4770,9404.0,202738
55,4775,9504.0,202920
55,4780,9503.0,203098
55,4785,9603.0,203266
55,4790,9603.0,203410
55,4795,9704.0,203574
55,4800,9804.0,203694
55,4805,9804.0,203837
55,4810,9804.0,203999
55,4815,9704.0,204158
55,4820,9604.0,204319
55,4825,9504.0,204484
54,4830,9304.0,204682
54,4835,9203.0,204864
54,4840,9203.0,205008
54,4845,9202.0,205187
54,4850,9202.0,205354
54,4855,9202.0,205502
54,4860,9202.0,205629
54,4865,9202.0,205765
54,4870,9202.0,205878
54,4875,9202.0,206024
54,4880,9302.0,206168
54,4885,9302.0,206293
54,4890,9302.0,206463
54,4895,9303.0,206625
54,4900,9203.0,206791
54,4905,9103.0,206947
54,4910,9103.0,207112
54,4915,9203.0,207244
54,4920,9303.0,207374
54,4925,9403.0,207526
54,4930,9602.0,207668
54,4935,9502.0,207858
54,4940,9402.0,208032
54,4945,9402.0,208183
54,4950,9502.0,208306
54,4955,9403.0,208472
54,4960,9403.0,208615
54,4965,9403.0,208781
54,4970,9203.0,208958
53,4975,9005.0,209141
53,4980,8907.0,209301
53,4985,8907.0,209436
53,4990,8807.0,209601
53,4995,8805.0,209777
53,5000,8905.0,209928
53,5005,9005.0,210090
53,5010,9005.0,210220
53,5015,9005.0,210361
53,5020,8905.0,210528
53,5025,8905.0,210683
53,5030,8905.0,210825
53,5035,9005.0,211014
53,5040,9105.0,211151
53,5045,9105.0,211294
53,5050,9105.0,211444
53,5055,9106.0,211629
53,5060,8906.0,211826
53,5065,8906.0,211983
53,5070,9106.0,212139
53,5075,9304.0,212275
53,5080,9402.0,212455
53,5085,9302.0,212631
53,5090,9402.0,212762
53,5095,9302.0,212911
53,5100,9302.0,213028
53,5105,9302.0,213197
53,5110,9302.0,213325
53,5115,9203.0,213478
53,5120,9303.0,213621
52,5125,9303.0,213772
52,5130,9204.0,213948
52,5135,9304.0,214077
52,5140,9304.0,214229
52,5145,9304.0,214396
52,5150,9304.0,214554
52,5155,9403.0,214711
52,5160,9603.0,214861
52,5165,9603.0,214974
52,5170,9603.0,215123
52,5175,9603.0,215259
52,5180,9603.0,215399
52,5185,9703.0,215540
52,5190,9503.0,215718
52,5195,9603.0,215852
52,5200,9603.0,215999
52,5205,9603.0,216145
52,5210,9503.0,216294
52,5215,9602.0,216459
52,5220,9602.0,216626
52,5225,9602.0,216772
52,5230,9701.0,216915
52,5235,9701.0,217051
52,5240,9701.0,217210
52,5245,9701.0,217342
52,5250,9701.0,217469
52,5255,9700.0,217617
52,5260,9700.0,217777
52,5265,9600.0,217948
52,5270,9301.0,218142
51,5275,9301.0,218277
51,5280,9301.0,218405
51,5285,9301.0,218553
51,5290,9501.0,218696
51,5295,9501.0,218827
51,5300,9501.0,218944
51,5305,9401.0,219120
51,5310,9501.0,219248
51,5315,9501.0,219390
51,5320,9501.0,219534
51,5325,9501.0,219658
51,5330,9501.0,219816
51,5335,9501.0,219960
51,5340,9501.0,220073
51,5345,9501.0,220245
51,5350,9501.0,220387
51,5355,9501.0,220531
51,5360,9501.0,220661
51,5365,9602.0,220799
51,5370,9901.0,220959
51,5375,9901.0,221094
51,5380,9901.0,221208
51,5385,9901.0,221331
51,5390,9901.0,221500
51,5395,9901.0,221626
51,5400,9901.0,221759
51,5405,10001.0,221903
51,5410,10001.0,222050
51,5415,10001.0,222186
51,5420,10001.0,222327
51,5425,9801.0,222503
51,5430,9801.0,222630
50,5435,9801.0,222752
50,5440,9801.0,222903
50,5445,9801.0,223047
50,5450,9801.0,223194
50,5455,9801.0,223329
50,5460,9801.0,223453
50,5465,9800.0,223587
50,5470,9800.0,223717
50,5475,9800.0,223846
50,5480,9700.0,224001
50,5485,9700.0,224139
50,5490,9600.0,224322
50,5495,9601.0,224507
50,5500,9601.0,224634
50,5505,9601.0,224756
50,5510,9602.0,224891
50,5515,9602.0,225041
50,5520,9602.0,225172
50,5525,9802.0,225329
50,5530,9704.0,225483
50,5535,9704.0,225612
50,5540,9704.0,225761
50,5545,9704.0,225918
50,5550,9704.0,226029
50,5555,9704.0,226142
50,5560,9704.0,226265
50,5565,9704.0,226401
50,5570,9705.0,226541
50,5575,9705.0,226683
50,5580,9805.0,226825
50,5585,9805.0,226935
50,5590,9905.0,227055
50,5595,9806.0,227207
49,5600,9806.0,227333
49,5605,9807.0,227480
49,5610,9807.0,227623
49,5615,9807.0,227771
49,5620,9807.0,227916
49,5625,9807.0,228066
49,5630,9905.0,228221
49,5635,9906.0,228378
49,5640,9906.0,228495
49,5645,9907.0,228637
49,5650,9907.0,228764
49,5655,9908.0,228904
49,5660,9908.0,229043
49,5665,9809.0,229192
49,5670,9808.0,229372
49,5675,9809.0,229492
49,5680,9809.0,229592
49,5685,9809.0,229754
49,5690,9710.0,229920
49,5695,9808.0,230060
49,5700,9808.0,230224
49,5705,9807.0,230381
49,5710,9806.0,230531
49,5715,9806.0,230683
49,5720,9806.0,230799
49,5725,9806.0,230933
49,5730,9806.0,231046
49,5735,9706.0,231228
49,5740,9706.0,231383
49,5745,9705.0,231537
49,5750,9705.0,231650
49,5755,9704.0,231785
48,5760,9705.0,231915
48,5765,9804.0,232068
48,5770,9804.0,232203
48,5775,9803.0,232369
48,5780,9803.0,232483
48,5785,9803.0,232594
48,5790,9902.0,232716
48,5795,9902.0,232874
48,5800,9902.0,232992
48,5805,9803.0,233141
48,5810,9803.0,233298
48,5815,9803.0,233461
48,5820,9804.0,233608
48,5825,9804.0,233742
48,5830,9805.0,233897
48,5835,9904.0,234023
48,5840,9904.0,234167
48,5845,9904.0,234330
48,5850,9904.0,234476
48,5855,9904.0,234601
48,5860,9904.0,234737
48,5865,9904.0,234858
48,5870,9905.0,235017
48,5875,9906.0,235151
48,5880,9807.0,235295
48,5885,9807.0,235416
48,5890,9807.0,235565
48,5895,9807.0,235713
48,5900,9807.0,235859
48,5905,9906.0,235976
48,5910,9906.0,236142
48,5915,9906.0,236275
47,5920,9905.0,236399
47,5925,9905.0,236540
47,5930,9904.0,236686
47,5935,9904.0,236808
47,5940,9904.0,236947
47,5945,9904.0,237062
47,5950,9904.0,237192
47,5955,9904.0,237336
47,5960,9904.0,237469
47,5965,9904.0,237596
47,5970,9903.0,237734
47,5975,9902.0,237843
47,5980,10001.0,237946
47,5985,10001.0,238082
47,5990,10001.0,238190
47,5995,10001.0,238342
47,6000,10001.0,238462
47,6005,10002.0,238583
47,6010,10002.0,238686
47,6015,10002.0,238815
47,6020,10002.0,238919
47,6025,10002.0,239067
47,6030,9902.0,239228
47,6035,9902.0,239360
47,6040,9902.0,239476
47,6045,9902.0,239623
47,6050,9902.0,239755
47,6055,9902.0,239882
47,6060,9901.0,240001
47,6065,9901.0,240137
47,6070,9901.0,240252
47,6075,9901.0,240373
47,6080,9901.0,240494
47,6085,9901.0,240622
47,6090,9901.0,240772
47,6095,9901.0,240904
46,6100,9901.0,241033
46,6105,9900.0,241136
46,6110,9900.0,241284
46,6115,9900.0,241384
46,6120,9900.0,241518
46,6125,9900.0,241635
46,6130,10000.0,241768
46,6135,10000.0,241882
46,6140,10000.0,242036
46,6145,10000.0,242163
46,6150,10000.0,242291
46,6155,10001.0,242435
46,6160,10001.0,242577
46,6165,10001.0,242718
46,6170,10001.0,242853
46,6175,10001.0,242977
46,6180,10001.0,243109
46,6185,10002.0,243282
46,6190,10002.0,243413
46,6195,10002.0,243543
46,6200,10002.0,243644
46,6205,10002.0,243778
46,6210,10002.0,243909
46,6215,10002.0,244005
46,6220,10002.0,244111
46,6225,10002.0,244244
46,6230,10002.0,244390
46,6235,10002.0,244521
46,6240,10002.0,244669
46,6245,10002.0,244810
46,6250,10002.0,244923
46,6255,10001.0,245030
46,6260,10001.0,245155
46,6265,10001.0,245276
46,6270,10001.0,245406
45,6275,10001.0,245545
45,6280,10001.0,245697
45,6285,10000.0,245823
45,6290,10000.0,245953
45,6295,10001.0,246115
45,6300,10001.0,246247
45,6305,10001.0,246394
45,6310,10001.0,246506
45,6315,10001.0,246627
45,6320,10001.0,246746
45,6325,10001.0,246862
45,6330,10001.0,246989
45,6335,10001.0,247137
45,6340,10001.0,247276
45,6345,10001.0,247406
45,6350,10001.0,247528
45,6355,10001.0,247653
45,6360,10001.0,247759
45,6365,10001.0,247864
45,6370,10001.0,247999
45,6375,10001.0,248124
45,6380,10002.0,248256
45,6385,10002.0,248407
45,6390,10002.0,248567
45,6395,10001.0,248665
45,6400,9801.0,248843
45,6405,9801.0,248986
45,6410,9801.0,249120
45,6415,9801.0,249237
45,6420,9801.0,249349
45,6425,9801.0,249488
45,6430,9801.0,249617
45,6435,9801.0,249743
45,6440,9801.0,249873
45,6445,9801.0,249999
44,6450,9801.0,250130
44,6455,9801.0,250267
44,6460,9801.0,250404
44,6465,9801.0,250541
44,6470,9801.0,250657
44,6475,9801.0,250772
44,6480,9700.0,250943
44,6485,9700.0,251066
44,6490,9700.0,251176
44,6495,9600.0,251315
44,6500,9800.0,251430
44,6505,9800.0,251565
44,6510,9800.0,251685
44,6515,9800.0,251813
44,6520,9800.0,251942
44,6525,9800.0,252081
44,6530,9800.0,252191
44,6535,9800.0,252308
44,6540,9800.0,252440
44,6545,9800.0,252555
44,6550,9800.0,252686
44,6555,9800.0,252802
44,6560,9800.0,252919
44,6565,9800.0,253043
44,6570,9800.0,253169
44,6575,9800.0,253289
44,6580,9900.0,253416
44,6585,9900.0,253548
44,6590,9900.0,253686
44,6595,10000.0,253835
44,6600,10000.0,253972
44,6605,10000.0,254099
44,6610,10000.0,254221
44,6615,10000.0,254336
44,6620,10000.0,254454
43,6625,10000.0,254577
43,6630,10001.0,254716
43,6635,10001.0,254836
43,6640,10001.0,254971
43,6645,10001.0,255073
43,6650,10001.0,255194
43,6655,10001.0,255317
43,6660,10001.0,255443
43,6665,10001.0,255555
43,6670,10001.0,255657
43,6675,10001.0,255776
43,6680,9901.0,255972
43,6685,9901.0,256107
43,6690,9901.0,256216
43,6695,9901.0,256340
43,6700,9901.0,256435
43,6705,9901.0,256542
43,6710,9901.0,256668
43,6715,9901.0,256813
43,6720,9901.0,256949
43,6725,9901.0,257062
43,6730,9900.0,257171
43,6735,9900.0,257274
43,6740,9900.0,257421
43,6745,9900.0,257526
43,6750,9900.0,257631
43,6755,9901.0,257759
43,6760,9901.0,257910
43,6765,9901.0,258027
43,6770,9902.0,258154
43,6775,9902.0,258269
43,6780,10002.0,258372
43,6785,10002.0,258491
43,6790,10002.0,258617
43,6795,10002.0,258720
43,6800,10002.0,258846
43,6805,10002.0,258950
43,6810,10002.0,259057
42,6815,10002.0,259171
42,6820,10002.0,259304
42,6825,10002.0,259426
42,6830,10002.0,259542
42,6835,10002.0,259661
42,6840,10002.0,259798
42,6845,10002.0,259921
42,6850,10002.0,260052
42,6855,10001.0,260175
42,6860,10001.0,260306
42,6865,10001.0,260446
42,6870,10000.0,260564
42,6875,10000.0,260682
42,6880,10000.0,260790
42,6885,10000.0,260944
42,6890,10000.0,261078
42,6895,10000.0,261217
42,6900,10000.0,261349
42,6905,10000.0,261464
42,6910,10000.0,261584
42,6915,10000.0,261698
42,6920,10001.0,261820
42,6925,10001.0,261945
42,6930,10001.0,262070
42,6935,10001.0,262177
42,6940,10001.0,262290
42,6945,10001.0,262419
42,6950,10001.0,262524
42,6955,10001.0,262652
42,6960,10001.0,262761
42,6965,10001.0,262886
42,6970,10001.0,263008
42,6975,10001.0,263113
42,6980,10001.0,263244
42,6985,10001.0,263367
42,6990,10001.0,263487
42,6995,10001.0,263599
41,7000,10002.0,263727
41,7005,10002.0,263836
41,7010,9902.0,263964
41,7015,9902.0,264069
41,7020,9902.0,264175
41,7025,9902.0,264313
41,7030,9903.0,264405
41,7035,9904.0,264518
41,7040,9904.0,264655
41,7045,9904.0,264763
41,7050,9904.0,264872
41,7055,9904.0,264992
41,7060,9904.0,265113
41,7065,9904.0,265227
41,7070,9904.0,265330
41,7075,9904.0,265450
41,7080,9904.0,265547
41,7085,9904.0,265669
41,7090,9904.0,265800
41,7095,9905.0,265944
41,7100,9904.0,266049
41,7105,9904.0,266164
41,7110,10004.0,266283
41,7115,10004.0,266426
41,7120,10003.0,266543
41,7125,10003.0,266649
41,7130,10002.0,266775
41,7135,10001.0,266887
41,7140,10001.0,266986
41,7145,10001.0,267104
41,7150,10001.0,267222
41,7155,10001.0,267361
41,7160,10001.0,267461
41,7165,10002.0,267609
41,7170,10002.0,267726
41,7175,10002.0,267860
41,7180,10002.0,267972
41,7185,10002.0,268108
40,7190,10002.0,268238
40,7195,10001.0,268339
40,7200,10001.0,268463
40,7205,10001.0,268571
40,7210,10001.0,268692
40,7215,10001.0,268811
40,7220,10001.0,268925
40,7225,10001.0,269031
40,7230,10001.0,269135
40,7235,10001.0,269250
40,7240,10001.0,269355
40,7245,10001.0,269460
40,7250,10001.0,269560
40,7255,10001.0,269686
40,7260,10001.0,269790
40,7265,10000.0,269895
40,7270,10000.0,270033
40,7275,10000.0,270180
40,7280,10000.0,270325
40,7285,10000.0,270437
40,7290,10000.0,270565
40,7295,10000.0,270690
40,7300,10000.0,270822
40,7305,10000.0,270951
40,7310,10000.0,271079
40,7315,10000.0,271216
40,7320,10000.0,271346
40,7325,10000.0,271456
40,7330,10000.0,271575
40,7335,10000.0,271693
40,7340,10000.0,271811
40,7345,10000.0,271958
40,7350,10000.0,272092
40,7355,10000.0,272185
40,7360,10000.0,272302
40,7365,10000.0,272435
40,7370,10000.0,272558
40,7375,10000.0,272652
39,7380,10000.0,272764
39,7385,10000.0,272909
39,7390,10000.0,273043
39,7395,10000.0,273167
39,7400,10000.0,273285
39,7405,10000.0,273407
39,7410,10000.0,273520
39,7415,10000.0,273666
39,7420,10000.0,273778
39,7425,10000.0,273920
39,7430,10000.0,274021
39,7435,10000.0,274130
39,7440,10000.0,274247
39,7445,10000.0,274345
39,7450,10000.0,274446
39,7455,10000.0,274558
39,7460,10000.0,274676
39,7465,10000.0,274787
39,7470,10000.0,274901
39,7475,10000.0,275019
39,7480,10000.0,275136
39,7485,10000.0,275261
39,7490,10000.0,275369
39,7495,10000.0,275467
39,7500,10000.0,275567
39,7505,10000.0,275688
39,7510,10000.0,275778
39,7515,10000.0,275912
39,7520,10000.0,276015
39,7525,10000.0,276145
39,7530,10000.0,276261
39,7535,10000.0,276390
39,7540,10000.0,276508
39,7545,10000.0,276620
39,7550,10000.0,276730
39,7555,10000.0,276867
39,7560,10000.0,276988
39,7565,10000.0,277111
39,7570,10000.0,277241
38,7575,10000.0,277344
38,7580,10000.0,277483
38,7585,10000.0,277615
38,7590,10000.0,277730
38,7595,10000.0,277830
38,7600,10000.0,277948
38,7605,10000.0,278065
38,7610,10000.0,278189
38,7615,10000.0,278310
38,7620,10000.0,278441
38,7625,10000.0,278566
38,7630,10000.0,278677
38,7635,10000.0,278761
38,7640,10000.0,278879
38,7645,10000.0,278989
38,7650,10000.0,279112
38,7655,10000.0,279230
38,7660,10000.0,279339
38,7665,10000.0,279445
38,7670,10000.0,279541
38,7675,10000.0,279640
38,7680,10000.0,279730
38,7685,10000.0,279840
38,7690,10000.0,279955
38,7695,10000.0,280086
38,7700,10000.0,280189
38,7705,10000.0,280311
38,7710,10000.0,280424
38,7715,10000.0,280556
38,7720,10000.0,280672
38,7725,10000.0,280789
38,7730,10000.0,280895
38,7735,10000.0,281012
38,7740,10000.0,281125
38,7745,10000.0,281227
38,7750,10000.0,281336
38,7755,10000.0,281462
38,7760,10000.0,281595
38,7765,10000.0,281689
38,7770,10000.0,281796
37,7775,10000.0,281924
37,7780,10000.0,282047
37,7785,10001.0,282167
37,7790,10001.0,282271
37,7795,10001.0,282379
37,7800,10001.0,282487
37,7805,10001.0,282600
37,7810,10001.0,282707
37,7815,10001.0,282829
37,7820,10001.0,282941
37,7825,10001.0,283058
37,7830,10001.0,283180
37,7835,10001.0,283279
37,7840,10001.0,283405
37,7845,10001.0,283537
37,7850,10001.0,283670
37,7855,10001.0,283782
37,7860,10001.0,283902
37,7865,10001.0,284041
37,7870,10001.0,284160
37,7875,10001.0,284285
37,7880,10001.0,284388
37,7885,10000.0,284506
37,7890,10000.0,284621
37,7895,10000.0,284758
37,7900,10000.0,284872
37,7905,10000.0,284972
37,7910,10000.0,285086
37,7915,10000.0,285203
37,7920,10000.0,285309
37,7925,10000.0,285424
37,7930,10000.0,285534
37,7935,10000.0,285638
37,7940,10000.0,285770
37,7945,10000.0,285888
37,7950,10000.0,286007
37,7955,10000.0,286115
37,7960,10000.0,286241
36,7965,10000.0,286365
36,7970,10000.0,286474
36,7975,10000.0,286602
36,7980,10000.0,286703
36,7985,10000.0,286811
36,7990,10000.0,286938
36,7995,10000.0,287042
36,8000,10000.0,287147
36,8005,10000.0,287257
36,8010,10000.0,287391
36,8015,10000.0,287520
36,8020,10000.0,287619
36,8025,10000.0,287743
36,8030,10000.0,287864
36,8035,10000.0,287967
36,8040,10000.0,288066
36,8045,10000.0,288175
36,8050,10000.0,288288
36,8055,10000.0,288399
36,8060,10000.0,288517
36,8065,10000.0,288622
36,8070,10000.0,288745
36,8075,10000.0,288868
36,8080,10000.0,288992
36,8085,10000.0,289105
36,8090,10000.0,289212
36,8095,10000.0,289337
36,8100,10000.0,289447
36,8105,10000.0,289552
36,8110,10000.0,289651
36,8115,10000.0,289739
36,8120,10000.0,289852
36,8125,10000.0,289948
36,8130,10000.0,290046
36,8135,10000.0,290153
36,8140,10000.0,290240
36,8145,10000.0,290342
36,8150,10000.0,290450
36,8155,10000.0,290555
36,8160,10000.0,290651
36,8165,10000.0,290755
36,8170,10000.0,290873
35,8175,10000.0,290997
35,8180,10000.0,291120
35,8185,10000.0,291257
35,8190,10000.0,291378
35,8195,10000.0,291468
35,8200,10000.0,291581
35,8205,10000.0,291682
35,8210,10000.0,291779
35,8215,10000.0,291894
35,8220,10000.0,291996
35,8225,10000.0,292104
35,8230,10000.0,292217
35,8235,10000.0,292319
35,8240,10000.0,292430
35,8245,10000.0,292527
35,8250,10000.0,292629
35,8255,10000.0,292755
35,8260,10000.0,292858
35,8265,10000.0,292964
35,8270,10000.0,293058
35,8275,10000.0,293157
35,8280,10000.0,293261
35,8285,10000.0,293373
35,8290,10000.0,293480
35,8295,10000.0,293593
35,8300,10000.0,293687
35,8305,10000.0,293791
35,8310,10000.0,293904
35,8315,10000.0,294007
35,8320,10000.0,294114
35,8325,10000.0,294212
35,8330,10000.0,294311
35,8335,10000.0,294424
35,8340,10000.0,294525
35,8345,10000.0,294629
35,8350,10000.0,294743
35,8355,10000.0,294846
35,8360,10000.0,294968
35,8365,10000.0,295083
35,8370,10000.0,295183
35,8375,10000.0,295293
35,8380,10000.0,295414
34,8385,10000.0,295524
34,8390,10000.0,295627
34,8395,10000.0,295741
34,8400,10000.0,295846
34,8405,10000.0,295953
34,8410,10000.0,296067
34,8415,10000.0,296168
34,8420,10000.0,296262
34,8425,10000.0,296369
34,8430,10000.0,296464
34,8435,10000.0,296585
34,8440,10000.0,296680
34,8445,10000.0,296788
34,8450,10000.0,296891
34,8455,10000.0,297002
34,8460,10000.0,297104
34,8465,10000.0,297207
34,8470,10000.0,297319
34,8475,10000.0,297429
34,8480,10000.0,297527
34,8485,10000.0,297624
34,8490,10000.0,297716
34,8495,10000.0,297821
34,8500,10000.0,297925
34,8505,10000.0,298039
34,8510,10000.0,298144
34,8515,10000.0,298268
34,8520,10000.0,298370
34,8525,10000.0,298480
34,8530,10000.0,298572
34,8535,10000.0,298692
34,8540,10000.0,298784
34,8545,10000.0,298899
34,8550,10000.0,299002
34,8555,10000.0,299098
34,8560,10000.0,299202
34,8565,10000.0,299298
34,8570,10000.0,299405
34,8575,9901.0,299527
34,8580,9901.0,299631
34,8585,9901.0,299738
34,8590,9901.0,299840
34,8595,9901.0,299937
33,8600,9901.0,300028
33,8605,9901.0,300114
33,8610,9901.0,300236
33,8615,9901.0,300341
33,8620,9901.0,300450
33,8625,9901.0,300544
33,8630,9901.0,300667
33,8635,9901.0,300789
33,8640,9901.0,300895
33,8645,9901.0,301009
33,8650,9901.0,301118
33,8655,9901.0,301216
33,8660,9901.0,301317
33,8665,9901.0,301427
33,8670,9901.0,301541
33,8675,10000.0,301647
33,8680,10000.0,301768
33,8685,10000.0,301858
33,8690,10000.0,301969
33,8695,10000.0,302102
33,8700,10000.0,302198
33,8705,10000.0,302290
33,8710,10000.0,302400
33,8715,10000.0,302498
33,8720,10000.0,302619
33,8725,10000.0,302726
33,8730,10000.0,302838
33,8735,10000.0,302947
33,8740,10000.0,303059
33,8745,10000.0,303171
33,8750,10001.0,303289
33,8755,10001.0,303400
33,8760,10001.0,303511
33,8765,10001.0,303630
33,8770,10001.0,303723
33,8775,10001.0,303815
33,8780,10001.0,303913
33,8785,10001.0,304024
33,8790,10001.0,304123
33,8795,10001.0,304221
33,8800,10001.0,304329
33,8805,10001.0,304431
33,8810,10001.0,304543
32,8815,10001.0,304654
32,8820,10001.0,304744
32,8825,10001.0,304835
32,8830,10001.0,304928
32,8835,10001.0,305033
32,8840,10001.0,305131
32,8845,10001.0,305221
32,8850,10001.0,305348
32,8855,10001.0,305463
32,8860,10001.0,305568
32,8865,10001.0,305665
32,8870,10001.0,305780
32,8875,10001.0,305869
32,8880,10001.0,305987
32,8885,10001.0,306089
32,8890,10001.0,306211
32,8895,9901.0,306336
32,8900,9901.0,306432
32,8905,9901.0,306547
32,8910,9901.0,306639
32,8915,9901.0,306753
32,8920,9901.0,306854
32,8925,9901.0,306969
32,8930,9901.0,307088
32,8935,9901.0,307201
32,8940,9901.0,307306
32,8945,9901.0,307403
32,8950,9900.0,307505
32,8955,9900.0,307622
32,8960,9900.0,307740
32,8965,9900.0,307837
32,8970,9900.0,307946
32,8975,9900.0,308058
32,8980,9900.0,308147
32,8985,9900.0,308269
32,8990,9900.0,308364
32,8995,10000.0,308458
32,9000,10000.0,308556
32,9005,10000.0,308664
32,9010,10000.0,308768
32,9015,10000.0,308877
32,9020,10000.0,308993
31,9025,10000.0,309105
31,9030,10000.0,309209
31,9035,10000.0,309302
31,9040,10000.0,309405
31,9045,10000.0,309506
31,9050,10000.0,309615
31,9055,10000.0,309716
31,9060,10000.0,309809
31,9065,10000.0,309910
31,9070,10000.0,310008
31,9075,10000.0,310135
31,9080,10000.0,310255
31,9085,10000.0,310378
31,9090,10000.0,310482
31,9095,10000.0,310575
31,9100,10000.0,310685
31,9105,10000.0,310787
31,9110,10000.0,310889
31,9115,10000.0,310982
31,9120,10000.0,311076
31,9125,10000.0,311169
31,9130,10000.0,311260
31,9135,10000.0,311355
31,9140,10000.0,311444
31,9145,10000.0,311556
31,9150,10000.0,311660
31,9155,10000.0,311761
31,9160,10000.0,311862
31,9165,10000.0,311960
31,9170,10000.0,312046
31,9175,10000.0,312155
31,9180,10000.0,312262
31,9185,10000.0,312368
31,9190,10000.0,312464
31,9195,10000.0,312576
31,9200,10000.0,312663
31,9205,10000.0,312755
31,9210,10000.0,312881
31,9215,10000.0,312973
31,9220,10000.0,313071
31,9225,10000.0,313169
31,9230,10000.0,313272
31,9235,10000.0,313358
31,9240,10000.0,313451
31,9245,10000.0,313553
30,9250,10000.0,313639
30,9255,10000.0,313743
30,9260,10000.0,313843
30,9265,10000.0,313931
30,9270,10000.0,314039
30,9275,10000.0,314152
30,9280,10000.0,314256
30,9285,10000.0,314357
30,9290,10000.0,314450
30,9295,10000.0,314543
30,9300,10000.0,314639
30,9305,10000.0,314760
30,9310,10000.0,314868
30,9315,10000.0,314982
30,9320,10000.0,315079
30,9325,10000.0,315173
30,9330,10000.0,315285
30,9335,10000.0,315394
30,9340,10000.0,315492
30,9345,10000.0,315603
30,9350,10000.0,315704
30,9355,10000.0,315808
30,9360,10000.0,315897
30,9365,10000.0,315982
30,9370,10000.0,316084
30,9375,10000.0,316183
30,9380,10000.0,316299
30,9385,10000.0,316410
30,9390,10000.0,316503
30,9395,10000.0,316598
30,9400,10000.0,316679
30,9405,10000.0,316795
30,9410,10000.0,316900
30,9415,10000.0,316998
30,9420,10000.0,317104
30,9425,10000.0,317201
30,9430,10000.0,317301
30,9435,10000.0,317399
30,9440,10000.0,317509
30,9445,10000.0,317604
30,9450,10000.0,317698
30,9455,10000.0,317798
30,9460,10000.0,317903
30,9465,10000.0,317998
30,9470,10000.0,318117
29,9475,10000.0,318228
29,9480,10000.0,318329
29,9485,10000.0,318413
29,9490,10000.0,318507
29,9495,10000.0,318600
29,9500,10000.0,318691
29,9505,10000.0,318786
29,9510,10000.0,318897
29,9515,10000.0,319000
29,9520,10000.0,319087
29,9525,10000.0,319182
29,9530,10000.0,319287
29,9535,10000.0,319385
29,9540,10000.0,319472
29,9545,10000.0,319571
29,9550,10000.0,319672
29,9555,10000.0,319780
29,9560,10000.0,319880
29,9565,10000.0,319980
29,9570,10000.0,320073
29,9575,10000.0,320167
29,9580,10000.0,320261
29,9585,10000.0,320355
29,9590,10000.0,320445
29,9595,10000.0,320537
29,9600,10000.0,320620
29,9605,10000.0,320724
29,9610,10000.0,320828
29,9615,10000.0,320931
29,9620,10000.0,321041
29,9625,10000.0,321146
29,9630,10000.0,321245
29,9635,10000.0,321343
29,9640,10000.0,321437
29,9645,10000.0,321538
29,9650,10000.0,321628
29,9655,10000.0,321736
29,9660,10000.0,321847
29,9665,10000.0,321940
29,9670,10000.0,322051
29,9675,10000.0,322154
29,9680,10000.0,322263
29,9685,10000.0,322345
29,9690,10000.0,322442
29,9695,10000.0,322539
29,9700,10000.0,322632
29,9705,10000.0,322723
28,9710,10000.0,322820
28,9715,10000.0,322912
28,9720,10000.0,323013
28,9725,10000.0,323106
28,9730,10000.0,323196
28,9735,10000.0,323285
28,9740,10000.0,323384
28,9745,10000.0,323490
28,9750,10000.0,323576
28,9755,10000.0,323684
28,9760,10000.0,323783
28,9765,10000.0,323877
28,9770,10000.0,323980
28,9775,10000.0,324074
28,9780,10000.0,324170
28,9785,10000.0,324280
28,9790,10000.0,324374
28,9795,10000.0,324476
28,9800,10000.0,324557
28,9805,10000.0,324656
28,9810,10000.0,324750
28,9815,10000.0,324840
28,9820,10000.0,324947
28,9825,10000.0,325042
28,9830,10000.0,325135
28,9835,10000.0,325216
28,9840,10000.0,325313
28,9845,10000.0,325400
28,9850,10000.0,325492
28,9855,10000.0,325590
28,9860,10000.0,325683
28,9865,10000.0,325776
28,9870,10000.0,325874
28,9875,10000.0,325986
28,9880,10000.0,326102
28,9885,10000.0,326184
28,9890,10000.0,326283
28,9895,10000.0,326370
28,9900,10000.0,326476
28,9905,10000.0,326575
28,9910,10000.0,326670
28,9915,10000.0,326764
28,9920,10000.0,326860
28,9925,10000.0,326947
28,9930,10000.0,327047
28,9935,10000.0,327133
28,9940,10000.0,327227
27,9945,10000.0,327325
27,9950,10000.0,327421
27,9955,10000.0,327535
27,9960,10000.0,327631
27,9965,10000.0,327729
27,9970,10000.0,327825
27,9975,10000.0,327922
27,9980,10000.0,328017
27,9985,10000.0,328115
27,9990,10000.0,328222
27,9995,10000.0,328319
27,10000,10000.0,328405
27,10005,10000.0,328486
27,10010,10000.0,328590
27,10015,10000.0,328675
27,10020,10000.0,328766
27,10025,10000.0,328847
27,10030,10000.0,328942
27,10035,10000.0,329031
27,10040,10000.0,329133
27,10045,10000.0,329223
27,10050,10000.0,329304
27,10055,10000.0,329397
27,10060,10000.0,329513
27,10065,10000.0,329610
27,10070,10000.0,329712
27,10075,10000.0,329810
27,10080,10000.0,329914
27,10085,10000.0,330018
27,10090,10000.0,330108
27,10095,10000.0,330206
27,10100,10000.0,330306
27,10105,10000.0,330407
27,10110,10000.0,330502
27,10115,10000.0,330598
27,10120,10000.0,330694
27,10125,10000.0,330798
27,10130,10001.0,330898
27,10135,10001.0,330973
27,10140,10001.0,331064
27,10145,10001.0,331158
27,10150,10001.0,331245
27,10155,10001.0,331338
27,10160,10001.0,331441
27,10165,10001.0,331529
27,10170,10001.0,331618
27,10175,10001.0,331712
27,10180,10001.0,331798
26,10185,10001.0,331910
26,10190,10001.0,331997
26,10195,10001.0,332096
26,10200,10001.0,332207
26,10205,10001.0,332315
26,10210,10001.0,332418
26,10215,10001.0,332504
26,10220,10001.0,332600
26,10225,10001.0,332692
26,10230,10000.0,332780
26,10235,10000.0,332881
26,10240,10000.0,332972
26,10245,10000.0,333048
26,10250,10000.0,333138
26,10255,10000.0,333242
26,10260,10000.0,333339
26,10265,10000.0,333419
26,10270,10000.0,333526
26,10275,10000.0,333629
26,10280,10000.0,333726
26,10285,10000.0,333815
26,10290,10000.0,333908
26,10295,10000.0,334003
26,10300,10000.0,334092
26,10305,10000.0,334181
26,10310,10000.0,334266
26,10315,10000.0,334372
26,10320,10000.0,334484
26,10325,10000.0,334567
26,10330,10000.0,334669
26,10335,10000.0,334770
26,10340,10000.0,334869
26,10345,10000.0,334969
26,10350,10000.0,335054
26,10355,10000.0,335140
26,10360,10000.0,335230
26,10365,10000.0,335331
26,10370,10000.0,335425
26,10375,10000.0,335527
26,10380,10000.0,335610
26,10385,10000.0,335716
26,10390,10000.0,335804
26,10395,10000.0,335912
26,10400,10000.0,336025
26,10405,10000.0,336134
26,10410,10000.0,336236
26,10415,10000.0,336339
25,10420,10000.0,336436
25,10425,10000.0,336533
25,10430,10000.0,336627
25,10435,10000.0,336711
25,10440,10000.0,336816
25,10445,10000.0,336908
25,10450,10000.0,336999
25,10455,10000.0,337102
25,10460,10000.0,337202
25,10465,10000.0,337295
25,10470,10000.0,337385
25,10475,10000.0,337486
25,10480,10000.0,337571
25,10485,10000.0,337676
25,10490,10000.0,337761
25,10495,10000.0,337852
25,10500,10000.0,337942
25,10505,10000.0,338035
25,10510,10000.0,338128
25,10515,10000.0,338217
25,10520,10000.0,338309
25,10525,10000.0,338409
25,10530,10000.0,338495
25,10535,10000.0,338583
25,10540,10000.0,338688
25,10545,10000.0,338783
25,10550,10000.0,338880
25,10555,10000.0,338991
25,10560,10000.0,339081
25,10565,10000.0,339181
25,10570,10000.0,339281
25,10575,10000.0,339372
25,10580,10000.0,339462
25,10585,10000.0,339545
25,10590,10000.0,339643
25,10595,10000.0,339740
25,10600,10000.0,339827
25,10605,10000.0,339921
25,10610,10000.0,340011
25,10615,10000.0,340102
25,10620,10000.0,340194
25,10625,10000.0,340283
25,10630,10000.0,340379
25,10635,10000.0,340480
25,10640,10000.0,340571
25,10645,10000.0,340676
25,10650,10000.0,340765
25,10655,10000.0,340861
24,10660,10000.0,340945
24,10665,10000.0,341040
24,10670,10000.0,341133
24,10675,10000.0,341214
24,10680,10000.0,341318
24,10685,10000.0,341406
24,10690,10001.0,341544
24,10695,10002.0,341644
24,10700,10002.0,341725
24,10705,10002.0,341833
24,10710,10002.0,341926
24,10715,10003.0,342028
24,10720,10003.0,342133
24,10725,10003.0,342224
24,10730,10003.0,342304
24,10735,10003.0,342391
24,10740,10003.0,342494
24,10745,10003.0,342576
24,10750,10003.0,342665
24,10755,10003.0,342760
24,10760,10003.0,342848
24,10765,10003.0,342927
24,10770,10003.0,343015
24,10775,10003.0,343101
24,10780,10003.0,343202
24,10785,10003.0,343288
24,10790,10002.0,343390
24,10795,10001.0,343495
24,10800,10001.0,343581
24,10805,10001.0,343666
24,10810,10001.0,343761
24,10815,10000.0,343854
24,10820,10000.0,343945
24,10825,10000.0,344040
24,10830,10000.0,344131
24,10835,10000.0,344220
24,10840,10000.0,344317
24,10845,10000.0,344405
24,10850,10000.0,344497
24,10855,10000.0,344591
24,10860,10000.0,344697
24,10865,10000.0,344800
24,10870,10000.0,344887
24,10875,10000.0,344988
24,10880,10000.0,345077
24,10885,10000.0,345184
24,10890,10000.0,345278
24,10895,10000.0,345363
24,10900,10000.0,345449
23,10905,10000.0,345551
23,10910,10000.0,345638
23,10915,10000.0,345743
23,10920,10000.0,345830
23,10925,10000.0,345929
23,10930,10000.0,346016
23,10935,10000.0,346108
23,10940,10000.0,346197
23,10945,10000.0,346289
23,10950,10000.0,346372
23,10955,10000.0,346459
23,10960,10000.0,346549
23,10965,10000.0,346640
23,10970,10000.0,346739
23,10975,10000.0,346829
23,10980,10000.0,346930
23,10985,10000.0,347013
23,10990,10000.0,347100
23,10995,10000.0,347185
23,11000,10000.0,347279
23,11005,10000.0,347369
23,11010,10000.0,347469
23,11015,10000.0,347555
23,11020,10000.0,347655
23,11025,10000.0,347736
23,11030,10000.0,347829
23,11035,10000.0,347927
23,11040,10001.0,348032
23,11045,10001.0,348124
23,11050,10001.0,348225
23,11055,10001.0,348333
23,11060,10001.0,348420
23,11065,10001.0,348506
23,11070,10001.0,348596
23,11075,10001.0,348685
23,11080,10001.0,348776
23,11085,10001.0,348890
23,11090,10001.0,348988
23,11095,10001.0,349085
23,11100,10001.0,349168
23,11105,10001.0,349255
23,11110,10001.0,349344
23,11115,10001.0,349425
23,11120,10001.0,349519
23,11125,10001.0,349608
23,11130,10001.0,349704
23,11135,10001.0,349793
23,11140,10000.0,349885
23,11145,10000.0,349970
22,11150,10000.0,350050
22,11155,10000.0,350158
22,11160,10000.0,350248
22,11165,10000.0,350347
22,11170,10000.0,350443
22,11175,10000.0,350538
22,11180,10000.0,350625
22,11185,10000.0,350720
22,11190,10000.0,350823
22,11195,10000.0,350912
22,11200,10000.0,351001
22,11205,10000.0,351090
22,11210,10000.0,351168
22,11215,10000.0,351264
22,11220,10000.0,351362
22,11225,10000.0,351474
22,11230,10000.0,351563
22,11235,10000.0,351647
22,11240,10000.0,351741
22,11245,10000.0,351829
22,11250,10000.0,351925
22,11255,10000.0,352027
22,11260,10000.0,352118
22,11265,10000.0,352199
22,11270,10000.0,352281
22,11275,10000.0,352387
22,11280,10000.0,352471
22,11285,10000.0,352551
22,11290,10000.0,352644
22,11295,10000.0,352749
22,11300,10000.0,352828
22,11305,10000.0,352922
22,11310,10000.0,353008
22,11315,10000.0,353090
22,11320,10000.0,353190
22,11325,10000.0,353270
22,11330,10000.0,353359
22,11335,10000.0,353457
22,11340,10000.0,353535
22,11345,10000.0,353630
22,11350,10000.0,353720
22,11355,10000.0,353806
22,11360,10000.0,353889
22,11365,10000.0,353974
22,11370,10000.0,354057
22,11375,10000.0,354145
22,11380,10000.0,354224
22,11385,10000.0,354317
22,11390,10000.0,354415
22,11395,10000.0,354509
21,11400,10000.0,354590
21,11405,10000.0,354695
21,11410,10000.0,354794
21,11415,10000.0,354899
21,11420,10000.0,354999
21,11425,10000.0,355084
21,11430,10000.0,355174
21,11435,10000.0,355256
21,11440,10000.0,355341
21,11445,10000.0,355426
21,11450,10000.0,355511
21,11455,10000.0,355588
21,11460,10000.0,355674
21,11465,10000.0,355780
21,11470,10000.0,355867
21,11475,10000.0,355942
21,11480,10000.0,356033
21,11485,10000.0,356128
21,11490,10000.0,356217
21,11495,10000.0,356308
21,11500,10000.0,356393
21,11505,10000.0,356478
21,11510,10000.0,356576
21,11515,10000.0,356659
21,11520,10000.0,356751
21,11525,10000.0,356832
21,11530,10000.0,356929
21,11535,10000.0,357016
21,11540,10000.0,357098
21,11545,10000.0,357191
21,11550,10000.0,357270
21,11555,10000.0,357366
21,11560,10000.0,357454
21,11565,10000.0,357537
21,11570,10000.0,357612
21,11575,10000.0,357696
21,11580,10000.0,357778
21,11585,10000.0,357876
21,11590,10000.0,357959
21,11595,10000.0,358044
21,11600,10000.0,358147
21,11605,10000.0,358229
21,11610,10000.0,358326
21,11615,10000.0,358410
21,11620,10000.0,358498
21,11625,10000.0,358588
21,11630,10000.0,358683
21,11635,10000.0,358765
21,11640,10000.0,358850
21,11645,10000.0,358936
21,11650,10000.0,359024
20,11655,10000.0,359110
20,11660,10000.0,359196
20,11665,10000.0,359293
20,11670,10000.0,359390
20,11675,10000.0,359483
20,11680,10000.0,359570
20,11685,10000.0,359652
20,11690,10000.0,359746
20,11695,10000.0,359828
20,11700,10000.0,359914
20,11705,10000.0,359992
20,11710,10000.0,360076
20,11715,10000.0,360175
20,11720,10000.0,360278
20,11725,10000.0,360364
20,11730,10000.0,360442
20,11735,10000.0,360526
20,11740,10000.0,360611
20,11745,10000.0,360700
20,11750,10000.0,360791
20,11755,10000.0,360878
20,11760,10000.0,360975
20,11765,10000.0,361066
20,11770,10000.0,361157
20,11775,10000.0,361262
20,11780,10000.0,361355
20,11785,10000.0,361458
20,11790,10000.0,361551
20,11795,10000.0,361639
20,11800,10000.0,361730
20,11805,10000.0,361815
20,11810,10000.0,361906
20,11815,10000.0,361987
20,11820,10000.0,362070
20,11825,10000.0,362151
20,11830,10000.0,362232
20,11835,10000.0,362321
20,11840,10000.0,362417
20,11845,10000.0,362513
20,11850,10000.0,362594
20,11855,10000.0,362690
20,11860,10000.0,362770
20,11865,10000.0,362858
20,11870,10000.0,362948
20,11875,10000.0,363045
20,11880,10000.0,363131
20,11885,10000.0,363217
20,11890,10000.0,363299
20,11895,10000.0,363383
20,11900,10000.0,363477
20,11905,10000.0,363572
19,11910,10000.0,363662
19,11915,10000.0,363746
19,11920,10000.0,363829
19,11925,10000.0,363920
19,11930,10000.0,364007
19,11935,10000.0,364105
19,11940,10000.0,364190
19,11945,10000.0,364276
19,11950,10000.0,364359
19,11955,10000.0,364459
19,11960,10000.0,364558
19,11965,10000.0,364644
19,11970,10000.0,364724
19,11975,10000.0,364812
19,11980,10000.0,364896
19,11985,10000.0,364984
19,11990,10000.0,365080
19,11995,10000.0,365167
19,12000,10000.0,365264
19,12005,10000.0,365345
19,12010,10000.0,365434
19,12015,10000.0,365521
19,12020,10000.0,365613
19,12025,10000.0,365702
19,12030,10000.0,365797
19,12035,10000.0,365880
19,12040,10000.0,365966
19,12045,10000.0,366050
19,12050,10000.0,366139
19,12055,10000.0,366218
19,12060,10000.0,366297
19,12065,10000.0,366381
19,12070,10000.0,366464
19,12075,10000.0,366554
19,12080,10000.0,366646
19,12085,10000.0,366742
19,12090,10000.0,366837
19,12095,10000.0,366922
19,12100,10000.0,367013
19,12105,10000.0,367117
19,12110,10000.0,367198
19,12115,10000.0,367288
19,12120,10000.0,367375
19,12125,10000.0,367464
19,12130,10000.0,367554
19,12135,10000.0,367642
19,12140,10000.0,367734
19,12145,10000.0,367826
19,12150,10000.0,367927
19,12155,10000.0,368007
19,12160,10000.0,368095
18,12165,10000.0,368194
18,12170,10000.0,368270
18,12175,10000.0,368348
18,12180,10000.0,368428
18,12185,10000.0,368520
18,12190,10000.0,368607
18,12195,10000.0,368695
18,12200,10000.0,368774
18,12205,10000.0,368864
18,12210,10000.0,368946
18,12215,10000.0,369042
18,12220,10000.0,369123
18,12225,10000.0,369205
18,12230,10000.0,369289
18,12235,10000.0,369379
18,12240,10000.0,369474
18,12245,10000.0,369556
18,12250,10000.0,369640
18,12255,10000.0,369730
18,12260,10000.0,369807
18,12265,10000.0,369894
18,12270,10000.0,369982
18,12275,10000.0,370061
18,12280,10000.0,370146
18,12285,10000.0,370226
18,12290,10000.0,370322
18,12295,10000.0,370410
18,12300,10000.0,370488
18,12305,10000.0,370567
18,12310,10000.0,370649
18,12315,10000.0,370729
18,12320,10000.0,370808
18,12325,10000.0,370904
18,12330,10000.0,370991
18,12335,10000.0,371074
18,12340,10000.0,371162
18,12345,10000.0,371247
18,12350,10000.0,371329
18,12355,10000.0,371408
18,12360,10000.0,371490
18,12365,10000.0,371574
18,12370,10000.0,371655
18,12375,10000.0,371740
18,12380,10000.0,371827
18,12385,10000.0,371914
18,12390,10000.0,371997
18,12395,10000.0,372085
18,12400,10000.0,372180
18,12405,10000.0,372270
18,12410,10000.0,372352
18,12415,10000.0,372435
18,12420,10000.0,372519
18,12425,10000.0,372609
18,12430,10000.0,372686
17,12435,10000.0,372770
17,12440,10000.0,372867
17,12445,10000.0,372954
17,12450,10000.0,373036
17,12455,10000.0,373119
17,12460,10000.0,373205
17,12465,10000.0,373297
17,12470,10000.0,373383
17,12475,10000.0,373461
17,12480,10000.0,373544
17,12485,10000.0,373625
17,12490,10000.0,373701
17,12495,10000.0,373786
17,12500,10000.0,373871
17,12505,10000.0,373972
17,12510,10000.0,374056
17,12515,10000.0,374142
17,12520,10000.0,374224
17,12525,10000.0,374308
17,12530,10000.0,374394
17,12535,10000.0,374477
17,12540,10000.0,374556
17,12545,10000.0,374644
17,12550,10000.0,374728
17,12555,10000.0,374817
17,12560,10000.0,374898
17,12565,10000.0,374986
17,12570,10000.0,375077
17,12575,10000.0,375159
17,12580,10000.0,375245
17,12585,10000.0,375335
17,12590,10000.0,375412
17,12595,10000.0,375502
17,12600,10000.0,375586
17,12605,10000.0,375671
17,12610,10000.0,375758
17,12615,10000.0,375841
17,12620,10000.0,375925
17,12625,10000.0,376007
17,12630,10000.0,376098
17,12635,10000.0,376187
17,12640,10000.0,376275
17,12645,10000.0,376365
17,12650,10000.0,376459
17,12655,10000.0,376534
17,12660,10000.0,376624
17,12665,10000.0,376712
17,12670,10000.0,376803
17,12675,10000.0,376893
17,12680,10000.0,376973
17,12685,10000.0,377057
17,12690,10000.0,377147
17,12695,10000.0,377229
16,12700,10000.0,377319
16,12705,10000.0,377396
16,12710,10000.0,377478
16,12715,10000.0,377564
16,12720,10000.0,377649
16,12725,10000.0,377746
16,12730,10000.0,377826
16,12735,10000.0,377907
16,12740,10000.0,378005
16,12745,10000.0,378089
16,12750,10000.0,378175
16,12755,10000.0,378259
16,12760,10000.0,378342
16,12765,10000.0,378420
16,12770,10000.0,378503
16,12775,10000.0,378592
16,12780,10000.0,378673
16,12785,10000.0,378754
16,12790,10000.0,378839
16,12795,10000.0,378917
16,12800,10000.0,378991
16,12805,10000.0,379075
16,12810,10000.0,379165
16,12815,10000.0,379248
16,12820,10000.0,379333
16,12825,10000.0,379426
16,12830,10000.0,379513
16,12835,10000.0,379608
16,12840,10000.0,379685
16,12845,10000.0,379777
16,12850,10000.0,379860
16,12855,10000.0,379939
16,12860,10000.0,380026
16,12865,10000.0,380115
16,12870,10000.0,380198
16,12875,10000.0,380288
16,12880,10000.0,380374
16,12885,10000.0,380459
16,12890,10000.0,380542
16,12895,10000.0,380622
16,12900,10000.0,380708
16,12905,10000.0,380784
16,12910,10000.0,380874
16,12915,10000.0,380959
16,12920,10000.0,381043
16,12925,10000.0,381133
16,12930,10000.0,381219
16,12935,10000.0,381305
16,12940,10000.0,381388
16,12945,10000.0,381468
16,12950,10000.0,381544
16,12955,10000.0,381634
16,12960,10000.0,381724
16,12965,10000.0,381807
15,12970,10000.0,381889
15,12975,10000.0,381976
15,12980,10000.0,382059
15,12985,10000.0,382137
15,12990,10000.0,382216
15,12995,10000.0,382305
15,13000,10000.0,382390
15,13005,10000.0,382484
15,13010,10000.0,382567
15,13015,10000.0,382652
15,13020,10000.0,382733
15,13025,10000.0,382814
15,13030,10000.0,382892
15,13035,10000.0,382969
15,13040,10000.0,383057
15,13045,10000.0,383138
15,13050,10000.0,383221
15,13055,10000.0,383297
15,13060,10000.0,383384
15,13065,10000.0,383460
15,13070,10000.0,383542
15,13075,10000.0,383635
15,13080,10000.0,383715
15,13085,10000.0,383796
15,13090,10000.0,383881
15,13095,10000.0,383963
15,13100,10000.0,384054
15,13105,10000.0,384143
15,13110,10000.0,384234
15,13115,10000.0,384315
15,13120,10000.0,384418
15,13125,10000.0,384502
15,13130,10000.0,384591
15,13135,10000.0,384674
15,13140,10000.0,384747
15,13145,10000.0,384822
15,13150,10000.0,384921
15,13155,10000.0,385001
15,13160,10000.0,385084
15,13165,10000.0,385168
15,13170,10000.0,385257
15,13175,10000.0,385350
15,13180,10000.0,385436
15,13185,10000.0,385523
15,13190,10000.0,385612
15,13195,10000.0,385688
15,13200,10000.0,385783
15,13205,10000.0,385865
15,13210,10000.0,385944
15,13215,10000.0,386025
15,13220,10000.0,386104
15,13225,10000.0,386189
15,13230,10000.0,386275
15,13235,10000.0,386359
14,13240,10000.0,386440
14,13245,10000.0,386525
14,13250,10000.0,386618
14,13255,10000.0,386699
14,13260,10000.0,386786
14,13265,10000.0,386865
14,13270,10000.0,386942
14,13275,10000.0,387026
14,13280,10000.0,387113
14,13285,10000.0,387203
14,13290,10000.0,387278
14,13295,10000.0,387356
14,13300,10000.0,387432
14,13305,10000.0,387523
14,13310,10000.0,387607
14,13315,10000.0,387695
14,13320,10000.0,387773
14,13325,10000.0,387852
14,13330,10000.0,387936
14,13335,10000.0,388015
14,13340,10000.0,388098
14,13345,10000.0,388184
14,13350,10000.0,388274
14,13355,10000.0,388357
14,13360,10000.0,388435
14,13365,10000.0,388523
14,13370,10000.0,388608
14,13375,10000.0,388693
14,13380,10000.0,388773
14,13385,10000.0,388859
14,13390,10000.0,388943
14,13395,10000.0,389033
14,13400,10000.0,389114
14,13405,10000.0,389201
14,13410,10000.0,389279
14,13415,10000.0,389357
14,13420,10000.0,389440
14,13425,10000.0,389524
14,13430,10000.0,389607
14,13435,10000.0,389691
14,13440,10000.0,389783
14,13445,10000.0,389857
14,13450,10000.0,389938
14,13455,10000.0,390039
14,13460,10000.0,390127
14,13465,10000.0,390207
14,13470,10000.0,390288
14,13475,10000.0,390363
14,13480,10000.0,390442
14,13485,10000.0,390527
14,13490,10000.0,390608
14,13495,10000.0,390688
14,13500,10000.0,390769
14,13505,10000.0,390852
13,13510,10000.0,390937
13,13515,10000.0,391011
13,13520,10000.0,391092
13,13525,10000.0,391184
13,13530,10000.0,391266
13,13535,10000.0,391344
13,13540,10000.0,391419
13,13545,10000.0,391495
13,13550,10000.0,391572
13,13555,10000.0,391654
13,13560,10000.0,391735
13,13565,10000.0,391819
13,13570,10000.0,391902
13,13575,10000.0,391995
13,13580,10000.0,392072
13,13585,10000.0,392151
13,13590,10000.0,392232
13,13595,10000.0,392307
13,13600,10000.0,392383
13,13605,10000.0,392475
13,13610,10000.0,392568
13,13615,10000.0,392651
13,13620,10000.0,392735
13,13625,10000.0,392817
13,13630,10000.0,392904
13,13635,10000.0,392991
13,13640,10000.0,393074
13,13645,10000.0,393152
13,13650,10000.0,393232
13,13655,10000.0,393304
13,13660,10000.0,393381
13,13665,10000.0,393462
13,13670,10000.0,393546
13,13675,10000.0,393634
13,13680,10000.0,393714
13,13685,10000.0,393790
13,13690,10000.0,393875
13,13695,10000.0,393954
13,13700,10000.0,394035
13,13705,10000.0,394114
13,13710,10000.0,394194
13,13715,10000.0,394278
13,13720,10000.0,394365
13,13725,10000.0,394445
13,13730,10000.0,394525
13,13735,10000.0,394604
13,13740,10000.0,394683
13,13745,10000.0,394760
13,13750,10000.0,394839
13,13755,10000.0,394918
13,13760,10000.0,395001
13,13765,10000.0,395079
13,13770,10000.0,395156
13,13775,10000.0,395230
13,13780,10000.0,395315
13,13785,10000.0,395390
12,13790,10000.0,395471
12,13795,10000.0,395555
12,13800,10000.0,395635
12,13805,10000.0,395710
12,13810,10000.0,395785
12,13815,10000.0,395862
12,13820,10000.0,395937
12,13825,10000.0,396020
12,13830,10000.0,396096
12,13835,10000.0,396173
12,13840,10000.0,396248
12,13845,10000.0,396336
12,13850,10000.0,396409
12,13855,10000.0,396495
12,13860,10000.0,396569
12,13865,10000.0,396643
12,13870,10000.0,396719
12,13875,10000.0,396803
12,13880,10000.0,396886
12,13885,10000.0,396966
12,13890,10000.0,397044
12,13895,10000.0,397125
12,13900,10000.0,397206
12,13905,10000.0,397286
12,13910,10000.0,397366
12,13915,10000.0,397446
12,13920,10000.0,397520
12,13925,10000.0,397607
12,13930,10000.0,397684
12,13935,10000.0,397764
12,13940,10000.0,397838
12,13945,10000.0,397912
12,13950,10000.0,397999
12,13955,10000.0,398075
12,13960,10000.0,398173
12,13965,10000.0,398255
12,13970,10000.0,398329
12,13975,10000.0,398409
12,13980,10000.0,398488
12,13985,10000.0,398573
12,13990,10000.0,398653
12,13995,10000.0,398731
12,14000,10000.0,398816
12,14005,10000.0,398898
12,14010,10000.0,398982
12,14015,10000.0,399063
12,14020,10000.0,399145
12,14025,10000.0,399229
12,14030,10000.0,399310
12,14035,10000.0,399387
12,14040,10000.0,399471
12,14045,10000.0,399560
12,14050,10000.0,399637
12,14055,10000.0,399718
12,14060,10000.0,399796
12,14065,10000.0,399879
12,14070,10000.0,399959
11,14075,10000.0,400038
11,14080,10000.0,400120
11,14085,10000.0,400201
11,14090,10000.0,400278
11,14095,10000.0,400354
11,14100,10000.0,400436
11,14105,10000.0,400510
11,14110,10000.0,400593
11,14115,10000.0,400677
11,14120,10000.0,400756
11,14125,10000.0,400828
11,14130,10000.0,400906
11,14135,10000.0,400984
11,14140,10000.0,401061
11,14145,10000.0,401137
11,14150,10000.0,401210
11,14155,10000.0,401283
11,14160,10000.0,401363
11,14165,10000.0,401439
11,14170,10000.0,401513
11,14175,10000.0,401598
11,14180,10000.0,401675
11,14185,10000.0,401753
11,14190,10000.0,401835
11,14195,10000.0,401916
11,14200,10000.0,401993
11,14205,10000.0,402069
11,14210,10000.0,402144
11,14215,10000.0,402226
11,14220,10000.0,402300
11,14225,10000.0,402385
11,14230,10000.0,402475
11,14235,10000.0,402554
11,14240,10000.0,402625
11,14245,10000.0,402706
11,14250,10000.0,402786
11,14255,10000.0,402862
11,14260,10000.0,402939
11,14265,10000.0,403012
11,14270,10000.0,403088
11,14275,10000.0,403170
11,14280,10000.0,403249
11,14285,10000.0,403330
11,14290,10000.0,403408
11,14295,10000.0,403491
11,14300,10000.0,403572
11,14305,10000.0,403654
11,14310,10000.0,403730
11,14315,10000.0,403803
11,14320,10000.0,403881
11,14325,10000.0,403958
11,14330,10000.0,404038
11,14335,10000.0,404115
11,14340,10000.0,404197
11,14345,10000.0,404275
11,14350,10000.0,404350
11,14355,10000.0,404428
11,14360,10000.0,404502
10,14365,10000.0,404575
10,14370,10000.0,404651
10,14375,10000.0,404728
10,14380,10000.0,404806
10,14385,10000.0,404885
10,14390,10000.0,404973
10,14395,10000.0,405054
10,14400,10000.0,405132
10,14405,10000.0,405205
10,14410,10000.0,405288
10,14415,10000.0,405375
10,14420,10000.0,405454
10,14425,10000.0,405529
10,14430,10000.0,405607
10,14435,10000.0,405687
10,14440,10000.0,405761
10,14445,10000.0,405835
10,14450,10000.0,405912
10,14455,10000.0,405997
10,14460,10000.0,406077
10,14465,10000.0,406149
10,14470,10000.0,406228
10,14475,10000.0,406301
10,14480,10000.0,406377
10,14485,10000.0,406454
10,14490,10000.0,406524
10,14495,10000.0,406600
10,14500,10000.0,406680
10,14505,10000.0,406755
10,14510,10000.0,406836
10,14515,10000.0,406912
10,14520,10000.0,406995
10,14525,10000.0,407079
10,14530,10000.0,407153
10,14535,10000.0,407229
10,14540,10000.0,407307
10,14545,10000.0,407385
10,14550,10000.0,407460
10,14555,10000.0,407536
10,14560,10000.0,407612
10,14565,10000.0,407695
10,14570,10000.0,407772
10,14575,10000.0,407854
10,14580,10000.0,407929
10,14585,10000.0,408004
10,14590,10000.0,408086
10,14595,10000.0,408158
10,14600,10000.0,408232
10,14605,10000.0,408311
10,14610,10000.0,408393
10,14615,10000.0,408475
10,14620,10000.0,408548
10,14625,10000.0,408626
10,14630,10000.0,408700
10,14635,10000.0,408775
10,14640,10000.0,408851
10,14645,10000.0,408923
10,14650,10000.0,409001
10,14655,10000.0,409080
9,14660,10000.0,409161
9,14665,10000.0,409238
9,14670,10000.0,409314
9,14675,10000.0,409395
9,14680,10000.0,409479
9,14685,10000.0,409557
9,14690,10000.0,409630
9,14695,10000.0,409713
9,14700,10000.0,409788
9,14705,10000.0,409862
9,14710,10000.0,409936
9,14715,10000.0,410009
9,14720,10000.0,410085
9,14725,10000.0,410161
9,14730,10000.0,410241
9,14735,10000.0,410322
9,14740,10000.0,410406
9,14745,10000.0,410491
9,14750,10000.0,410566
9,14755,10000.0,410648
9,14760,10000.0,410721
9,14765,10000.0,410802
9,14770,10000.0,410874
9,14775,10000.0,410949
9,14780,10000.0,411027
9,14785,10000.0,411105
9,14790,10000.0,411183
9,14795,10000.0,411261
9,14800,10000.0,411337
9,14805,10000.0,411415
9,14810,10000.0,411494
9,14815,10000.0,411576
9,14820,10000.0,411653
9,14825,10000.0,411736
9,14830,10000.0,411809
9,14835,10000.0,411885
9,14840,10000.0,411969
9,14845,10000.0,412044
9,14850,10000.0,412128
9,14855,10000.0,412206
9,14860,10000.0,412283
9,14865,10000.0,412355
9,14870,10000.0,412426
9,14875,10000.0,412503
9,14880,10000.0,412582
9,14885,10000.0,412655
9,14890,10000.0,412733
9,14895,10000.0,412815
9,14900,10000.0,412892
9,14905,10000.0,412968
9,14910,10000.0,413040
9,14915,10000.0,413119
9,14920,10000.0,413194
9,14925,10000.0,413271
9,14930,10000.0,413356
9,14935,10000.0,413430
9,14940,10000.0,413503
9,14945,10000.0,413582
8,14950,10000.0,413655
8,14955,10000.0,413737
8,14960,10000.0,413814
8,14965,10000.0,413890
8,14970,10000.0,413967
8,14975,10000.0,414042
8,14980,10000.0,414116
8,14985,10000.0,414189
8,14990,10000.0,414268
8,14995,10000.0,414345
8,15000,10000.0,414417
8,15005,10000.0,414492
8,15010,10000.0,414575
8,15015,10000.0,414654
8,15020,10000.0,414730
8,15025,10000.0,414805
8,15030,10000.0,414878
8,15035,10000.0,414958
8,15040,10000.0,415028
8,15045,10000.0,415105
8,15050,10000.0,415188
8,15055,10000.0,415263
8,15060,10000.0,415343
8,15065,10000.0,415417
8,15070,10000.0,415493
8,15075,10000.0,415574
8,15080,10000.0,415660
8,15085,10000.0,415736
8,15090,10000.0,415813
8,15095,10000.0,415887
8,15100,10000.0,415966
8,15105,10000.0,416041
8,15110,10000.0,416112
8,15115,10000.0,416189
8,15120,10000.0,416262
8,15125,10000.0,416341
8,15130,10000.0,416417
8,15135,10000.0,416493
8,15140,10000.0,416573
8,15145,10000.0,416644
8,15150,10000.0,416718
8,15155,10000.0,416798
8,15160,10000.0,416877
8,15165,10000.0,416951
8,15170,10000.0,417030
8,15175,10000.0,417110
8,15180,10000.0,417194
8,15185,10000.0,417266
8,15190,10000.0,417346
8,15195,10000.0,417430
8,15200,10000.0,417503
8,15205,10000.0,417575
8,15210,10000.0,417647
8,15215,10000.0,417730
8,15220,10000.0,417801
8,15225,10000.0,417884
8,15230,10000.0,417955
8,15235,10000.0,418034
8,15240,10000.0,418113
7,15245,10000.0,418192
7,15250,10000.0,418267
7,15255,10000.0,418347
7,15260,10000.0,418421
7,15265,10000.0,418498
7,15270,10000.0,418579
7,15275,10000.0,418660
7,15280,10000.0,418736
7,15285,10000.0,418817
7,15290,10000.0,418891
7,15295,10000.0,418968
7,15300,10000.0,419045
7,15305,10000.0,419118
7,15310,10000.0,419200
7,15315,10000.0,419274
7,15320,10000.0,419349
7,15325,10000.0,419421
7,15330,10000.0,419491
7,15335,10000.0,419573
7,15340,10000.0,419652
7,15345,10000.0,419735
7,15350,10000.0,419813
7,15355,10000.0,419889
7,15360,10000.0,419960
7,15365,10000.0,420035
7,15370,10000.0,420112
7,15375,10000.0,420187
7,15380,10000.0,420259
7,15385,10000.0,420338
7,15390,10000.0,420411
7,15395,10000.0,420481
7,15400,10000.0,420553
7,15405,10000.0,420626
7,15410,10000.0,420696
7,15415,10000.0,420772
7,15420,10000.0,420846
7,15425,10000.0,420924
7,15430,10000.0,420999
7,15435,10000.0,421073
7,15440,10000.0,421152
7,15445,10000.0,421232
7,15450,10000.0,421316
7,15455,10000.0,421393
7,15460,10000.0,421465
7,15465,10000.0,421546
7,15470,10000.0,421621
7,15475,10000.0,421701
7,15480,10000.0,421773
7,15485,10000.0,421847
7,15490,10000.0,421921
7,15495,10000.0,421992
7,15500,10000.0,422068
7,15505,10000.0,422141
7,15510,10000.0,422215
7,15515,10000.0,422290
7,15520,10000.0,422363
7,15525,10000.0,422440
7,15530,10000.0,422519
7,15535,10000.0,422591
7,15540,10000.0,422661
6,15545,10000.0,422733
6,15550,10000.0,422814
6,15555,10000.0,422889
6,15560,10000.0,422961
6,15565,10000.0,423035
6,15570,10000.0,423116
6,15575,10000.0,423186
6,15580,10000.0,423267
6,15585,10000.0,423338
6,15590,10000.0,423413
6,15595,10000.0,423483
6,15600,10000.0,423557
6,15605,10000.0,423629
6,15610,10000.0,423708
6,15615,10000.0,423779
6,15620,10000.0,423853
6,15625,10000.0,423924
6,15630,10000.0,423997
6,15635,10000.0,424070
6,15640,10000.0,424152
6,15645,10000.0,424229
6,15650,10000.0,424306
6,15655,10000.0,424380
6,15660,10000.0,424455
6,15665,10000.0,424532
6,15670,10000.0,424602
6,15675,10000.0,424676
6,15680,10000.0,424748
6,15685,10000.0,424821
6,15690,10000.0,424894
6,15695,10000.0,424971
6,15700,10000.0,425047
6,15705,10000.0,425128
6,15710,10000.0,425203
6,15715,10000.0,425276
6,15720,10000.0,425353
6,15725,10000.0,425423
6,15730,10000.0,425495
6,15735,10000.0,425572
6,15740,10000.0,425647
6,15745,10000.0,425719
6,15750,10000.0,425796
6,15755,10000.0,425869
6,15760,9902.0,425996
6,15765,9902.0,426069
6,15770,9902.0,426142
6,15775,9902.0,426212
6,15780,9902.0,426289
6,15785,9902.0,426368
6,15790,9902.0,426442
6,15795,9902.0,426517
6,15800,9902.0,426590
6,15805,9902.0,426666
6,15810,9902.0,426740
6,15815,9902.0,426810
6,15820,9902.0,426881
6,15825,9902.0,426956
6,15830,9902.0,427026
6,15835,9902.0,427097
6,15840,9902.0,427171
6,15845,9902.0,427244
5,15850,9902.0,427321
5,15855,9902.0,427396
5,15860,10000.0,427472
5,15865,10000.0,427551
5,15870,10000.0,427623
5,15875,10000.0,427696
5,15880,10000.0,427773
5,15885,10000.0,427846
5,15890,10000.0,427919
5,15895,10000.0,427993
5,15900,10000.0,428064
5,15905,10000.0,428141
5,15910,10000.0,428225
5,15915,10000.0,428296
5,15920,10000.0,428368
5,15925,10000.0,428443
5,15930,10000.0,428514
5,15935,10000.0,428588
5,15940,10000.0,428663
5,15945,10000.0,428736
5,15950,10000.0,428814
5,15955,10000.0,428885
5,15960,10000.0,428957
5,15965,10000.0,429032
5,15970,10000.0,429107
5,15975,10000.0,429177
5,15980,10000.0,429250
5,15985,10000.0,429321
5,15990,10000.0,429394
5,15995,10000.0,429469
5,16000,10000.0,429540
5,16005,10000.0,429615
5,16010,10000.0,429687
5,16015,10000.0,429757
5,16020,10000.0,429833
5,16025,10000.0,429910
5,16030,10000.0,429985
5,16035,10000.0,430055
5,16040,10000.0,430128
5,16045,10000.0,430203
5,16050,10000.0,430279
5,16055,10000.0,430357
5,16060,10000.0,430427
5,16065,10000.0,430499
5,16070,10000.0,430575
5,16075,10000.0,430646
5,16080,10000.0,430718
5,16085,10000.0,430790
5,16090,10000.0,430867
5,16095,10000.0,430939
5,16100,10000.0,431012
5,16105,10000.0,431086
5,16110,10000.0,431158
5,16115,10000.0,431235
5,16120,10000.0,431308
5,16125,10000.0,431381
5,16130,10000.0,431456
5,16135,10000.0,431531
5,16140,10000.0,431601
5,16145,10000.0,431675
5,16150,10000.0,431747
4,16155,10000.0,431822
4,16160,10000.0,431896
4,16165,10000.0,431971
4,16170,10000.0,432046
4,16175,10000.0,432121
4,16180,10000.0,432193
4,16185,10000.0,432266
4,16190,10000.0,432341
4,16195,10000.0,432413
4,16200,10000.0,432485
4,16205,10000.0,432560
4,16210,10000.0,432634
4,16215,10000.0,432705
4,16220,10000.0,432780
4,16225,10000.0,432855
4,16230,10000.0,432925
4,16235,10000.0,433001
4,16240,10000.0,433078
4,16245,10000.0,433150
4,16250,10000.0,433222
4,16255,10000.0,433296
4,16260,10000.0,433375
4,16265,10000.0,433447
4,16270,10000.0,433519
4,16275,10000.0,433591
4,16280,10000.0,433663
4,16285,10000.0,433735
4,16290,10000.0,433809
4,16295,10000.0,433886
4,16300,10000.0,433956
4,16305,10000.0,434033
4,16310,10000.0,434104
4,16315,10000.0,434178
4,16320,10000.0,434249
4,16325,10000.0,434320
4,16330,10000.0,434392
4,16335,10000.0,434465
4,16340,10000.0,434539
4,16345,10000.0,434610
4,16350,10000.0,434682
4,16355,10000.0,434756
4,16360,10000.0,434826
4,16365,10000.0,434898
4,16370,10000.0,434970
4,16375,10000.0,435040
4,16380,10000.0,435114
4,16385,10000.0,435190
4,16390,10000.0,435260
4,16395,10000.0,435333
4,16400,10000.0,435409
4,16405,10000.0,435486
4,16410,10000.0,435559
4,16415,10000.0,435632
4,16420,10000.0,435703
4,16425,10000.0,435776
4,16430,10000.0,435847
4,16435,10000.0,435928
4,16440,10000.0,436001
4,16445,10000.0,436079
4,16450,10000.0,436149
4,16455,10000.0,436223
4,16460,10000.0,436296
3,16465,10000.0,436370
3,16470,10000.0,436441
3,16475,10000.0,436511
3,16480,10000.0,436585
3,16485,10000.0,436663
3,16490,10000.0,436735
3,16495,10000.0,436807
3,16500,10000.0,436877
3,16505,10000.0,436949
3,16510,10000.0,437023
3,16515,10000.0,437097
3,16520,10000.0,437169
3,16525,10000.0,437242
3,16530,10000.0,437317
3,16535,10000.0,437392
3,16540,10000.0,437465
3,16545,10000.0,437544
3,16550,10000.0,437620
3,16555,10000.0,437695
3,16560,10000.0,437768
3,16565,10000.0,437839
3,16570,10000.0,437910
3,16575,10000.0,437984
3,16580,10000.0,438054
3,16585,10000.0,438125
3,16590,10000.0,438201
3,16595,10000.0,438276
3,16600,10000.0,438347
3,16605,10000.0,438419
3,16610,10000.0,438492
3,16615,10000.0,438569
3,16620,10000.0,438646
3,16625,10000.0,438717
3,16630,10000.0,438791
3,16635,10000.0,438865
3,16640,10000.0,438935
3,16645,10000.0,439007
3,16650,10000.0,439078
3,16655,10000.0,439153
3,16660,10000.0,439227
3,16665,10000.0,439299
3,16670,10000.0,439370
3,16675,10000.0,439441
3,16680,10000.0,439512
3,16685,10000.0,439584
3,16690,10000.0,439656
3,16695,10000.0,439730
3,16700,10000.0,439801
3,16705,10000.0,439874
3,16710,10000.0,439947
3,16715,10000.0,440020
3,16720,10000.0,440092
3,16725,10000.0,440162
3,16730,10000.0,440233
3,16735,10000.0,440304
3,16740,10000.0,440376
3,16745,10000.0,440446
3,16750,10000.0,440523
3,16755,10000.0,440596
3,16760,10000.0,440669
3,16765,10000.0,440740
3,16770,10000.0,440813
2,16775,9901.0,440920
2,16780,9901.0,440992
2,16785,9901.0,441065
2,16790,9901.0,441137
2,16795,9901.0,441211
2,16800,9901.0,441281
2,16805,9901.0,441353
2,16810,9901.0,441423
2,16815,9901.0,441495
2,16820,9901.0,441566
2,16825,9901.0,441639
2,16830,9901.0,441713
2,16835,9901.0,441783
2,16840,9901.0,441853
2,16845,9901.0,441923
2,16850,9901.0,441997
2,16855,9901.0,442068
2,16860,9901.0,442138
2,16865,9901.0,442210
2,16870,9901.0,442282
2,16875,10000.0,442356
2,16880,10000.0,442429
2,16885,10000.0,442499
2,16890,10000.0,442569
2,16895,10000.0,442639
2,16900,10000.0,442712
2,16905,10000.0,442782
2,16910,10000.0,442858
2,16915,10000.0,442928
2,16920,10000.0,442999
2,16925,10000.0,443069
2,16930,10000.0,443139
2,16935,10000.0,443209
2,16940,10000.0,443279
2,16945,10000.0,443351
2,16950,10000.0,443421
2,16955,10000.0,443498
2,16960,10000.0,443569
2,16965,10000.0,443643
2,16970,10000.0,443717
2,16975,10000.0,443787
2,16980,10000.0,443857
2,16985,10000.0,443930
2,16990,10000.0,444004
2,16995,10000.0,444076
2,17000,10000.0,444146
2,17005,10000.0,444218
2,17010,10000.0,444289
2,17015,10000.0,444359
2,17020,10000.0,444432
2,17025,10000.0,444502
2,17030,10000.0,444574
2,17035,10000.0,444646
2,17040,10000.0,444716
2,17045,10000.0,444786
2,17050,10000.0,444856
2,17055,10000.0,444926
2,17060,10000.0,445000
2,17065,10000.0,445076
2,17070,10000.0,445146
2,17075,10000.0,445218
2,17080,10000.0,445289
2,17085,10000.0,445359
2,17090,10000.0,445429
1,17095,10000.0,445499
1,17100,10000.0,445569
1,17105,10000.0,445639
1,17110,10000.0,445713
1,17115,10000.0,445787
1,17120,10000.0,445860
1,17125,10000.0,445933
1,17130,10000.0,446007
1,17135,10000.0,446079
1,17140,10000.0,446151
1,17145,10000.0,446221
1,17150,10000.0,446293
1,17155,10000.0,446367
1,17160,10000.0,446437
1,17165,10000.0,446509
1,17170,10000.0,446581
1,17175,10000.0,446652
1,17180,10000.0,446722
1,17185,10000.0,446793
1,17190,10000.0,446863
1,17195,10000.0,446936
1,17200,9902.0,447051
1,17205,9902.0,447121
1,17210,9902.0,447191
1,17215,9902.0,447262
1,17220,9902.0,447332
1,17225,9902.0,447403
1,17230,9902.0,447473
1,17235,9902.0,447545
1,17240,9902.0,447617
1,17245,9902.0,447688
1,17250,9902.0,447761
1,17255,9902.0,447833
1,17260,9902.0,447903
1,17265,9902.0,447974
1,17270,9902.0,448044
1,17275,9902.0,448115
1,17280,9902.0,448185
1,17285,9902.0,448257
1,17290,9902.0,448328
1,17295,9902.0,448398
1,17300,10000.0,448469
1,17305,10000.0,448539
1,17310,10000.0,448609
1,17315,10000.0,448679
1,17320,10000.0,448752
1,17325,10000.0,448822
1,17330,10000.0,448895
1,17335,10000.0,448967
1,17340,10000.0,449039
1,17345,10000.0,449109
1,17350,10000.0,449179
1,17355,10000.0,449249
1,17360,10000.0,449320
1,17365,10000.0,449392
1,17370,10000.0,449465
1,17375,10000.0,449537
1,17380,10000.0,449607
1,17385,10000.0,449679
1,17390,10000.0,449749
1,17395,10000.0,449819
1,17400,10000.0,449889
1,17405,10000.0,449960
1,17410,10000.0,450030
1,17415,10000.0,450104
1,17420,10000.0,450174
1,17425,10000.0,450244
1,17430,10000.0,450314
1,17435,10000.0,450384
1,17440,10000.0,450454
1,17445,10000.0,450526
1,17450,10000.0,450596
1,17455,10000.0,450669
1,17460,10000.0,450739
1,17465,10000.0,450809
1,17470,10000.0,450879
1,17475,10000.0,450949
1,17480,10000.0,451019
1,17485,10000.0,451089
1,17490,10000.0,451159
1,17495,10000.0,451231
1,17500,10000.0,451301
1,17505,10000.0,451371
1,17510,10000.0,451441
1,17515,10000.0,451511
1,17520,10000.0,451581
1,17525,10000.0,451651
1,17530,10000.0,451721
1,17535,10000.0,451792
1,17540,10000.0,451864
1,17545,10000.0,451936
1,17550,10000.0,452006
1,17555,10000.0,452076
1,17560,10000.0,452146
1,17565,10000.0,452216
1,17570,10000.0,452286
1,17575,10000.0,452356
1,17580,10000.0,452426
1,17585,10000.0,452496
1,17590,10000.0,452566
1,17595,10000.0,452638
1,17600,10000.0,452708
1,17605,10000.0,452778
1,17610,10000.0,452848
1,17615,10000.0,452920
1,17620,10000.0,452990
1,17625,10000.0,453062
1,17630,10000.0,453133
1,17635,10000.0,453203
1,17640,10000.0,453273
1,17645,10000.0,453348
1,17650,10000.0,453424
1,17655,10000.0,453497
1,17660,10000.0,453567
1,17665,10000.0,453637
1,17670,10000.0,453707
1,17675,10000.0,453777
1,17680,10000.0,453848
1,17685,10000.0,453918
1,17690,10000.0,453990
1,17695,10000.0,454060
1,17700,10000.0,454131
1,17705,10000.0,454204
1,17710,10000.0,454274
1,17715,10000.0,454344
1,17720,10000.0,454414
1,17725,10000.0,454484
1,17730,10000.0,454554
1,17735,10000.0,454627
1,17740,10000.0,454699
1,17745,10000.0,454769
1,17750,10000.0,454839
1,17755,10000.0,454909
1,17760,10000.0,454980
1,17765,10000.0,455051
1,17770,10000.0,455123
1,17775,10000.0,455193
1,17780,10000.0,455263
1,17785,10000.0,455333
1,17790,10000.0,455403
1,17795,10000.0,455473
1,17800,10000.0,455544
1,17805,10000.0,455614
1,17810,10000.0,455685
1,17815,10000.0,455757
1,17820,10000.0,455828
1,17825,10000.0,455898
1,17830,10000.0,455969
1,17835,10000.0,456039
1,17840,10000.0,456110
1,17845,10000.0,456184
1,17850,10000.0,456254
1,17855,10000.0,456324
1,17860,10000.0,456396
1,17865,10000.0,456468
1,17870,10000.0,456538
1,17875,10000.0,456609
1,17880,10000.0,456679
1,17885,10000.0,456749
1,17890,10000.0,456821
1,17895,10000.0,456891
1,17900,10000.0,456961
1,17905,10000.0,457032
1,17910,10000.0,457102
1,17915,10000.0,457172
1,17920,10000.0,457243
1,17925,10000.0,457313
1,17930,10000.0,457385
1,17935,10000.0,457455
1,17940,10000.0,457527
1,17945,10000.0,457599
1,17950,10000.0,457669
1,17955,10000.0,457741
1,17960,10000.0,457812
1,17965,10000.0,457882
1,17970,10000.0,457952
1,17975,10000.0,458023
1,17980,10000.0,458093
1,17985,10000.0,458165
1,17990,10000.0,458235
1,17995,10000.0,458305
1,18000,10000.0,458375
1,18005,10000.0,458447
1,18010,10000.0,458518
1,18015,10000.0,458588
1,18020,10000.0,458660
1,18025,10000.0,458732
1,18030,10000.0,458802
1,18035,10000.0,458874
1,18040,10000.0,458944
1,18045,10000.0,459018
1,18050,10000.0,459088
1,18055,10000.0,459160
1,18060,10000.0,459230
1,18065,10000.0,459300
1,18070,10000.0,459370
1,18075,10000.0,459441
1,18080,10000.0,459512
1,18085,10000.0,459588
1,18090,10000.0,459659
1,18095,10000.0,459730
1,18100,10000.0,459800
1,18105,10000.0,459870
1,18110,10000.0,459940
1,18115,10000.0,460010
1,18120,10000.0,460080
1,18125,10000.0,460150
1,18130,10000.0,460220
1,18135,10000.0,460292
1,18140,10000.0,460363
1,18145,10000.0,460433
1,18150,10000.0,460503
1,18155,10000.0,460573
1,18160,10000.0,460643
1,18165,10000.0,460714
1,18170,10000.0,460784
1,18175,10000.0,460854
1,18180,10000.0,460924
1,18185,10000.0,460994
1,18190,10000.0,461064
1,18195,10000.0,461134
1,18200,10000.0,461208
1,18205,10000.0,461278
1,18210,10000.0,461348
1,18215,10000.0,461418
1,18220,10000.0,461491
1,18225,10000.0,461561
1,18230,10000.0,461631
1,18235,10000.0,461701
1,18240,10000.0,461772
1,18245,10000.0,461842
1,18250,10000.0,461912
1,18255,10000.0,461982
1,18260,10000.0,462054
1,18265,10000.0,462124
1,18270,10000.0,462194
1,18275,10000.0,462266
1,18280,10000.0,462338
1,18285,10000.0,462411
1,18290,10000.0,462481
1,18295,10000.0,462551
1,18300,10000.0,462625
1,18305,10000.0,462695
1,18310,10000.0,462766
1,18315,10000.0,462836
1,18320,10000.0,462908
1,18325,10000.0,462979
1,18330,10000.0,463050
1,18335,10000.0,463122
1,18340,10000.0,463194
1,18345,10000.0,463266
1,18350,10000.0,463336
1,18355,10000.0,463406
1,18360,10000.0,463477
1,18365,10000.0,463547
1,18370,10000.0,463617
1,18375,10000.0,463690
1,18380,10000.0,463761
1,18385,10000.0,463833
1,18390,10000.0,463903
1,18395,10000.0,463973
1,18400,10000.0,464043
1,18405,10000.0,464113
1,18410,10000.0,464183
1,18415,10000.0,464253
1,18420,10000.0,464327
1,18425,10000.0,464397
1,18430,10000.0,464467
1,18435,10000.0,464537
1,18440,10000.0,464607
1,18445,10000.0,464677
1,18450,10000.0,464747
1,18455,10000.0,464817
1,18460,10000.0,464887
1,18465,10000.0,464957
1,18470,10000.0,465027
1,18475,10000.0,465097
1,18480,10000.0,465171
1,18485,10000.0,465241
1,18490,10000.0,465311
1,18495,10000.0,465383
1,18500,10000.0,465455
1,18505,10000.0,465525
1,18510,10000.0,465597
1,18515,10000.0,465667
1,18520,10000.0,465737
1,18525,10000.0,465808
1,18530,10000.0,465880
1,18535,10000.0,465950
1,18540,10000.0,466020
1,18545,10000.0,466090
1,18550,10000.0,466162
1,18555,10000.0,466234
1,18560,10000.0,466304
1,18565,10000.0,466375
1,18570,10000.0,466445
1,18575,10000.0,466515
1,18580,10000.0,466585
1,18585,10000.0,466655
1,18590,10000.0,466726
1,18595,10000.0,466796
1,18600,10000.0,466866
1,18605,10000.0,466936
1,18610,10000.0,467006
1,18615,10000.0,467076
1,18620,10000.0,467146
1,18625,10000.0,467217
1,18630,10000.0,467287
1,18635,10000.0,467358
1,18640,10000.0,467432
1,18645,10000.0,467502
1,18650,10000.0,467572
1,18655,10000.0,467646
1,18660,10000.0,467716
1,18665,10000.0,467789
1,18670,10000.0,467859
1,18675,10000.0,467929
1,18680,10000.0,467999
1,18685,10000.0,468069
1,18690,10000.0,468141
1,18695,10000.0,468212
1,18700,10000.0,468282
1,18705,10000.0,468353
1,18710,10000.0,468424
1,18715,10000.0,468494
1,18720,10000.0,468564
1,18725,10000.0,468634
1,18730,10000.0,468704
1,18735,10000.0,468776
1,18740,10000.0,468849
1,18745,10000.0,468919
1,18750,10000.0,468989
1,18755,10000.0,469061
1,18760,10000.0,469131
1,18765,10000.0,469203
1,18770,10000.0,469275
1,18775,10000.0,469345
1,18780,10000.0,469415
1,18785,10000.0,469487
1,18790,10000.0,469560
1,18795,10000.0,469631
1,18800,10000.0,469703
1,18805,10000.0,469773
1,18810,9802.0,469915
1,18815,9802.0,469989
1,18820,9802.0,470062
1,18825,9802.0,470132
1,18830,9802.0,470202
1,18835,9802.0,470276
1,18840,9802.0,470346
1,18845,9802.0,470418
1,18850,9802.0,470490
1,18855,9802.0,470560
1,18860,9802.0,470632
1,18865,9802.0,470702
1,18870,9802.0,470772
1,18875,9802.0,470844
1,18880,9802.0,470914
1,18885,9802.0,470984
1,18890,9802.0,471056
1,18895,9802.0,471126
1,18900,9802.0,471196
1,18905,9802.0,471266
1,18910,10000.0,471337
1,18915,10000.0,471407
1,18920,10000.0,471478
1,18925,10000.0,471549
1,18930,9802.0,471695
1,18935,9802.0,471766
1,18940,9802.0,471836
1,18945,9802.0,471906
1,18950,9802.0,471976
1,18955,9802.0,472047
1,18960,9802.0,472118
1,18965,9802.0,472190
1,18970,9802.0,472260
1,18975,9802.0,472330
1,18980,9802.0,472400
1,18985,9802.0,472472
1,18990,9802.0,472542
1,18995,9802.0,472612
1,19000,9802.0,472685
1,19005,9802.0,472757
1,19010,9802.0,472827
1,19015,9802.0,472897
1,19020,9802.0,472967
1,19025,9802.0,473038
1,19030,10000.0,473110
1,19035,10000.0,473180
1,19040,10000.0,473250
1,19045,10000.0,473322
1,19050,10000.0,473392
1,19055,10000.0,473462
1,19060,10000.0,473532
1,19065,10000.0,473602
1,19070,10000.0,473672
1,19075,10000.0,473744
1,19080,10000.0,473814
1,19085,10000.0,473886
1,19090,10000.0,473956
1,19095,10000.0,474026
1,19100,10000.0,474097
1,19105,10000.0,474167
1,19110,10000.0,474239
1,19115,10000.0,474309
1,19120,10000.0,474379
1,19125,10000.0,474449
1,19130,10000.0,474519
1,19135,10000.0,474589
1,19140,10000.0,474659
1,19145,10000.0,474731
1,19150,10000.0,474804
1,19155,10000.0,474874
1,19160,10000.0,474944
1,19165,10000.0,475014
1,19170,10000.0,475084
1,19175,10000.0,475155
1,19180,10000.0,475225
1,19185,10000.0,475295
1,19190,10000.0,475365
1,19195,10000.0,475435
1,19200,10000.0,475505
1,19205,10000.0,475575
1,19210,10000.0,475647
1,19215,10000.0,475717
1,19220,10000.0,475788
1,19225,10000.0,475858
1,19230,10000.0,475928
1,19235,10000.0,475998
1,19240,10000.0,476068
1,19245,10000.0,476138
1,19250,10000.0,476210
1,19255,10000.0,476283
1,19260,10000.0,476353
1,19265,10000.0,476423
1,19270,10000.0,476493
1,19275,10000.0,476567
1,19280,10000.0,476637
1,19285,10000.0,476707
1,19290,10000.0,476779
1,19295,10000.0,476849
1,19300,10000.0,476919
1,19305,10000.0,476989
1,19310,10000.0,477061
1,19315,10000.0,477131
1,19320,10000.0,477201
1,19325,10000.0,477271
1,19330,10000.0,477341
1,19335,10000.0,477411
1,19340,10000.0,477481
1,19345,10000.0,477553
1,19350,10000.0,477623
1,19355,10000.0,477693
1,19360,10000.0,477764
1,19365,10000.0,477834
1,19370,10000.0,477904
1,19375,10000.0,477974
1,19380,10000.0,478044
1,19385,10000.0,478118
1,19390,10000.0,478188
1,19395,10000.0,478258
1,19400,10000.0,478328
1,19405,10000.0,478398
1,19410,10000.0,478468
1,19415,10000.0,478538
1,19420,10000.0,478609
1,19425,10000.0,478679
1,19430,10000.0,478751
1,19435,10000.0,478821
1,19440,10000.0,478891
1,19445,10000.0,478962
1,19450,10000.0,479034
1,19455,10000.0,479104
1,19460,10000.0,479174
1,19465,10000.0,479246
1,19470,10000.0,479316
1,19475,10000.0,479386
1,19480,10000.0,479458
1,19485,10000.0,479528
1,19490,10000.0,479598
1,19495,10000.0,479668
1,19500,10000.0,479738
1,19505,10000.0,479810
1,19510,10000.0,479880
1,19515,10000.0,479950
1,19520,10000.0,480022
1,19525,10000.0,480092
1,19530,10000.0,480162
1,19535,10000.0,480232
1,19540,10000.0,480303
1,19545,10000.0,480375
1,19550,10000.0,480445
1,19555,10000.0,480515
1,19560,10000.0,480585
1,19565,10000.0,480655
1,19570,10000.0,480725
1,19575,10000.0,480795
1,19580,10000.0,480865
1,19585,10000.0,480935
1,19590,10000.0,481005
1,19595,10000.0,481075
1,19600,10000.0,481145
1,19605,10000.0,481217
1,19610,10000.0,481287
1,19615,10000.0,481360
1,19620,10000.0,481432
1,19625,10000.0,481502
1,19630,10000.0,481574
1,19635,10000.0,481644
1,19640,10000.0,481715
1,19645,10000.0,481785
1,19650,10000.0,481855
1,19655,10000.0,481927
1,19660,10000.0,481997
1,19665,10000.0,482067
1,19670,10000.0,482137
1,19675,10000.0,482208
1,19680,10000.0,482281
1,19685,10000.0,482351
1,19690,10000.0,482423
1,19695,10000.0,482493
1,19700,10000.0,482563
1,19705,10000.0,482636
1,19710,10000.0,482707
1,19715,10000.0,482778
1,19720,10000.0,482851
1,19725,10000.0,482921
1,19730,10000.0,482993
1,19735,10000.0,483063
1,19740,10000.0,483133
1,19745,10000.0,483204
1,19750,10000.0,483277
1,19755,10000.0,483349
1,19760,10000.0,483419
1,19765,10000.0,483489
1,19770,10000.0,483562
1,19775,10000.0,483632
1,19780,10000.0,483702
1,19785,10000.0,483773
1,19790,10000.0,483843
1,19795,10000.0,483914
1,19800,10000.0,483989
1,19805,10000.0,484059
1,19810,10000.0,484130
1,19815,10000.0,484200
1,19820,10000.0,484270
1,19825,10000.0,484341
1,19830,10000.0,484411
1,19835,10000.0,484482
1,19840,10000.0,484552
1,19845,10000.0,484622
1,19850,10000.0,484692
1,19855,10000.0,484762
1,19860,10000.0,484832
1,19865,10000.0,484902
1,19870,10000.0,484972
1,19875,10000.0,485042
1,19880,10000.0,485117
1,19885,10000.0,485187
1,19890,10000.0,485257
1,19895,10000.0,485327
1,19900,10000.0,485397
1,19905,10000.0,485467
1,19910,10000.0,485538
1,19915,10000.0,485608
1,19920,10000.0,485678
1,19925,10000.0,485748
1,19930,10000.0,485820
1,19935,10000.0,485890
1,19940,10000.0,485962
1,19945,10000.0,486035
1,19950,10000.0,486105
1,19955,10000.0,486177
1,19960,10000.0,486249
1,19965,10000.0,486320
1,19970,10000.0,486391
1,19975,10000.0,486461
1,19980,10000.0,486533
1,19985,10000.0,486605
1,19990,10000.0,486675
1,19995,10000.0,486746
1,20000,10000.0,486816
1,20005,10000.0,486888
1,20010,10000.0,486958
1,20015,10000.0,487028
1,20020,10000.0,487100
1,20025,10000.0,487172
1,20030,10000.0,487242
1,20035,10000.0,487317
1,20040,10000.0,487389
1,20045,10000.0,487461
1,20050,10000.0,487531
1,20055,10000.0,487601
1,20060,10000.0,487671
1,20065,10000.0,487742
1,20070,10000.0,487812
1,20075,10000.0,487882
1,20080,10000.0,487952
1,20085,10000.0,488022
1,20090,10000.0,488092
1,20095,10000.0,488162
1,20100,10000.0,488232
1,20105,10000.0,488303
1,20110,10000.0,488373
1,20115,10000.0,488445
1,20120,10000.0,488515
1,20125,10000.0,488585
1,20130,10000.0,488655
1,20135,10000.0,488725
1,20140,10000.0,488796
1,20145,10000.0,488866
1,20150,10000.0,488940
1,20155,10000.0,489012
1,20160,10000.0,489083
1,20165,10000.0,489155
1,20170,10000.0,489227
1,20175,10000.0,489297
1,20180,10000.0,489367
1,20185,10000.0,489440
1,20190,10000.0,489510
1,20195,10000.0,489581
1,20200,10000.0,489651
1,20205,10000.0,489721
1,20210,10000.0,489791
1,20215,10000.0,489862
1,20220,10000.0,489934
1,20225,10000.0,490004
1,20230,10000.0,490074
1,20235,10000.0,490144
1,20240,10000.0,490214
1,20245,10000.0,490286
1,20250,10000.0,490356
1,20255,10000.0,490427
1,20260,10000.0,490499
1,20265,10000.0,490569
1,20270,10000.0,490641
1,20275,10000.0,490711
1,20280,10000.0,490783
1,20285,10000.0,490853
1,20290,10000.0,490923
1,20295,10000.0,490995
1,20300,10000.0,491065
1,20305,10000.0,491135
1,20310,10000.0,491205
1,20315,10000.0,491275
1,20320,10000.0,491345
1,20325,10000.0,491417
1,20330,10000.0,491488
1,20335,10000.0,491558
1,20340,10000.0,491628
1,20345,10000.0,491698
1,20350,10000.0,491768
1,20355,10000.0,491839
1,20360,10000.0,491910
1,20365,10000.0,491982
1,20370,10000.0,492052
1,20375,10000.0,492124
1,20380,10000.0,492194
1,20385,10000.0,492264
1,20390,10000.0,492335
1,20395,10000.0,492405
1,20400,10000.0,492475
1,20405,10000.0,492545
1,20410,10000.0,492616
1,20415,10000.0,492686
1,20420,10000.0,492756
1,20425,10000.0,492826
1,20430,10000.0,492897
1,20435,10000.0,492967
1,20440,10000.0,493037
1,20445,10000.0,493107
1,20450,10000.0,493177
1,20455,10000.0,493249
1,20460,10000.0,493319
1,20465,10000.0,493391
1,20470,10000.0,493461
1,20475,10000.0,493531
1,20480,10000.0,493604
1,20485,10000.0,493674
1,20490,10000.0,493744
1,20495,10000.0,493815
1,20500,10000.0,493885
1,20505,10000.0,493955
1,20510,10000.0,494026
1,20515,10000.0,494096
1,20520,10000.0,494166
1,20525,10000.0,494236
1,20530,10000.0,494307
1,20535,10000.0,494378
1,20540,10000.0,494449
1,20545,10000.0,494519
1,20550,10000.0,494589
1,20555,10000.0,494659
1,20560,10000.0,494731
1,20565,10000.0,494801
1,20570,10000.0,494874
1,20575,10000.0,494945
1,20580,10000.0,495015
1,20585,10000.0,495085
1,20590,10000.0,495155
1,20595,10000.0,495226
1,20600,10000.0,495296
1,20605,10000.0,495368
1,20610,10000.0,495438
1,20615,10000.0,495509
1,20620,10000.0,495581
1,20625,10000.0,495653
1,20630,10000.0,495723
1,20635,10000.0,495794
1,20640,10000.0,495864
1,20645,10000.0,495936
1,20650,10000.0,496007
1,20655,10000.0,496077
1,20660,10000.0,496147
1,20665,10000.0,496217
1,20670,10000.0,496287
1,20675,10000.0,496358
1,20680,10000.0,496428
1,20685,10000.0,496498
1,20690,10000.0,496568
1,20695,10000.0,496638
1,20700,10000.0,496708
1,20705,10000.0,496779
1,20710,10000.0,496849
1,20715,10000.0,496919
1,20720,10000.0,496989
1,20725,10000.0,497060
1,20730,10000.0,497130
1,20735,10000.0,497200
1,20740,10000.0,497270
1,20745,10000.0,497344
1,20750,10000.0,497415
1,20755,10000.0,497485
1,20760,10000.0,497555
1,20765,10000.0,497628
1,20770,10000.0,497699
1,20775,10000.0,497770
1,20780,10000.0,497842
1,20785,10000.0,497913
1,20790,10000.0,497983
1,20795,10000.0,498053
1,20800,10000.0,498123
1,20805,10000.0,498196
1,20810,10000.0,498268
1,20815,10000.0,498338
1,20820,10000.0,498410
1,20825,10000.0,498480
1,20830,10000.0,498550
1,20835,10000.0,498620
1,20840,10000.0,498690
1,20845,10000.0,498760
1,20850,10000.0,498830
1,20855,10000.0,498900
1,20860,10000.0,498970
1,20865,10000.0,499040
1,20870,10000.0,499110
1,20875,10000.0,499183
1,20880,10000.0,499255
1,20885,10000.0,499325
1,20890,10000.0,499397
1,20895,10000.0,499467
1,20900,10000.0,499537
1,20905,10000.0,499607
1,20910,10000.0,499679
1,20915,10000.0,499752
1,20920,10000.0,499822
1,20925,10000.0,499892
1,20930,10000.0,499962
